model,bin,n,predicted,observed
combined,"[0,0.1]",12031,0.06171947466809373,0.06300390657468208
combined,"(0.1,0.2]",7444,0.13673705538496445,0.12157442235357335
combined,"(0.2,0.3]",1638,0.23942546284958355,0.23321123321123322
combined,"(0.3,0.4]",365,0.3355415522380897,0.29315068493150687
combined,"(0.4,0.5]",39,0.4295147375389688,0.3333333333333333
combined,"(0.5,0.6]",2,0.5161611186286229,0.5
combined,"(0.6,0.7]",1,0.6382527982160319,0
demographics,"[0,0.1]",12756,0.07465915008877617,0.0707118218877391
demographics,"(0.1,0.2]",7145,0.1334934219497777,0.12274317704688593
demographics,"(0.2,0.3]",1468,0.24275576535929663,0.23637602179836512
demographics,"(0.3,0.4]",150,0.3137264976720466,0.26666666666666666
demographics,"(0.4,0.5]",1,0.4022959146937429,0
persistence,"[0,0.1]",19275,0,0.07522697795071336
persistence,"(0.9,1]",2245,1,0.31893095768374163
population,"[0,0.1]",12080,0.07743408333676113,0.07218543046357616
population,"(0.1,0.2]",7920,0.13216011042098,0.11767676767676767
population,"(0.2,0.3]",1400,0.24782608695652175,0.23714285714285716
population,"(0.3,0.4]",120,0.3033126293995859,0.25
text,"[0,0.1]",12002,0.06224148037317915,0.06515580736543909
text,"(0.1,0.2]",7513,0.13637755246273234,0.118328231066152
text,"(0.2,0.3]",1600,0.23906159421736484,0.231875
text,"(0.3,0.4]",363,0.334571226993646,0.3002754820936639
text,"(0.4,0.5]",39,0.4296739824782708,0.358974358974359
text,"(0.5,0.6]",2,0.509110308379437,0.5
text,"(0.6,0.7]",1,0.6428502144454638,0
transition,"[0,0.1]",15525,0.06646287383865143,0.06170692431561997
transition,"(0.1,0.2]",4113,0.14002112500051206,0.14563578896182836
transition,"(0.2,0.3]",865,0.23747583950414583,0.22658959537572254
transition,"(0.3,0.4]",557,0.34335999369158027,0.3500897666068223
transition,"(0.4,0.5]",342,0.44579827726143406,0.47368421052631576
transition,"(0.5,0.6]",84,0.5371589790487836,0.44047619047619047
transition,"(0.6,0.7]",34,0.6409747232226224,0.5588235294117647
