id,source_split,fold
dev_0001,dev,5
dev_0002,dev,2
dev_0003,dev,3
dev_0004,dev,4
dev_0005,dev,4
dev_0006,dev,4
dev_0007,dev,3
dev_0008,dev,2
dev_0009,dev,4
dev_0010,dev,3
dev_0011,dev,2
dev_0012,dev,4
dev_0013,dev,1
dev_0014,dev,5
dev_0015,dev,1
dev_0016,dev,2
dev_0017,dev,4
dev_0018,dev,1
dev_0019,dev,3
dev_0020,dev,3
dev_0021,dev,1
dev_0022,dev,1
dev_0023,dev,3
dev_0024,dev,3
dev_0025,dev,3
dev_0026,dev,4
dev_0027,dev,3
dev_0028,dev,3
dev_0029,dev,1
dev_0030,dev,5
dev_0031,dev,1
dev_0032,dev,1
dev_0033,dev,2
dev_0034,dev,1
dev_0035,dev,3
dev_0036,dev,5
dev_0037,dev,3
dev_0038,dev,3
dev_0039,dev,4
dev_0040,dev,4
dev_0041,dev,1
dev_0042,dev,1
dev_0043,dev,2
dev_0044,dev,2
dev_0045,dev,1
dev_0046,dev,2
dev_0047,dev,4
dev_0048,dev,4
dev_0049,dev,1
dev_0050,dev,3
train_0001,train,3
train_0002,train,5
train_0003,train,2
train_0004,train,4
train_0005,train,4
train_0006,train,4
train_0007,train,5
train_0008,train,3
train_0009,train,4
train_0010,train,3
train_0011,train,1
train_0012,train,3
train_0013,train,3
train_0014,train,1
train_0015,train,1
train_0016,train,2
train_0017,train,1
train_0018,train,5
train_0019,train,5
train_0020,train,4
train_0021,train,1
train_0022,train,4
train_0023,train,2
train_0024,train,2
train_0025,train,4
train_0026,train,3
train_0027,train,2
train_0028,train,5
train_0029,train,3
train_0030,train,5
train_0031,train,4
train_0032,train,2
train_0033,train,4
train_0034,train,1
train_0035,train,2
train_0036,train,5
train_0037,train,4
train_0038,train,1
train_0039,train,2
train_0040,train,3
train_0041,train,4
train_0042,train,1
train_0043,train,4
train_0044,train,5
train_0045,train,1
train_0046,train,4
train_0047,train,4
train_0048,train,4
train_0049,train,3
train_0050,train,1
train_0051,train,1
train_0052,train,4
train_0053,train,5
train_0054,train,2
train_0055,train,3
train_0056,train,1
train_0057,train,3
train_0058,train,5
train_0059,train,5
train_0060,train,5
train_0061,train,2
train_0062,train,3
train_0063,train,2
train_0064,train,2
train_0065,train,4
train_0066,train,4
train_0067,train,5
train_0068,train,3
train_0069,train,2
train_0070,train,1
train_0071,train,5
train_0072,train,5
train_0073,train,1
train_0074,train,1
train_0075,train,2
train_0076,train,2
train_0077,train,1
train_0078,train,5
train_0079,train,2
train_0080,train,2
train_0081,train,1
train_0082,train,3
train_0083,train,2
train_0084,train,5
train_0085,train,2
train_0086,train,3
train_0087,train,2
train_0088,train,5
train_0089,train,5
train_0090,train,3
train_0091,train,5
train_0092,train,1
train_0093,train,5
train_0094,train,2
train_0095,train,4
train_0096,train,4
train_0097,train,3
train_0098,train,5
train_0099,train,1
train_0100,train,2
train_0101,train,3
train_0102,train,3
train_0103,train,4
train_0104,train,1
train_0105,train,3
train_0106,train,4
train_0107,train,2
train_0108,train,2
train_0109,train,5
train_0110,train,2
train_0111,train,1
train_0112,train,2
train_0113,train,2
train_0114,train,1
train_0115,train,3
train_0116,train,2
train_0117,train,3
train_0118,train,5
train_0119,train,5
train_0120,train,5
train_0121,train,2
train_0122,train,1
train_0123,train,5
train_0124,train,1
train_0125,train,4
train_0126,train,2
train_0127,train,1
train_0128,train,4
train_0129,train,5
train_0130,train,5
train_0131,train,1
train_0132,train,2
train_0133,train,2
train_0134,train,3
train_0135,train,5
train_0136,train,3
train_0137,train,5
train_0138,train,4
train_0139,train,5
train_0140,train,3
train_0141,train,5
train_0142,train,4
train_0143,train,4
train_0144,train,3
train_0145,train,1
train_0146,train,4
train_0147,train,5
train_0148,train,4
train_0149,train,5
train_0150,train,5
