estimate,lower,upper,n,metric,contrast
0.03382800541576911,0.022884390384048173,0.0448723271384666,199,brier_present,population minus transition
8.265847297762543e-4,4.073912846693469e-6,0.0016447098024103973,199,brier_present,population minus demographics
0.011581940313497359,0.008233773972217846,0.014869179380425689,199,brier_present,population minus text
0.012047338292760128,0.008686929983423285,0.015553055966281221,199,brier_present,population minus combined
0.0010532289170827984,6.517393099167408e-4,0.0014649705036170345,200,brier_absent,population minus transition
2.604090726843257e-4,1.2488962442353815e-4,3.9349346223340706e-4,200,brier_absent,population minus demographics
-5.745172562838824e-4,-0.0010376681337964202,-1.2343076330006376e-4,200,brier_absent,population minus text
-5.095467091246768e-4,-9.864541661919423e-4,-5.445160319413553e-5,200,brier_absent,population minus combined
-8.601953472591348e-6,-0.005828539724657084,0.0058282921870659535,196,ap_absent,population minus transition
-0.005253086689274584,-0.010840161235781295,0.0019650039194343137,196,ap_absent,population minus demographics
0.007949866534934204,-0.0024988247083170575,0.019338024422384477,196,ap_absent,population minus text
0.0024839925544760384,-0.007574813708759466,0.013543836522936009,196,ap_absent,population minus combined
