package,version
binom,1.1-2
abind,1.4-5
acepack,1.4.2
actuar,3.3-4
admisc,0.34
AER,1.2-12
afex,1.3-1
Amelia,1.8.1
ape,5.7-1
areal,0.1.8
arm,1.13-1
askpass,1.2.0
av,0.9.0
backports,1.4.1
base64enc,0.1-3
BayesFactor,0.9.12-4.7
BayesFM,0.1.5
bayesplot,1.11.1
bayestestR,0.13.1
bbmle,1.0.25.1
bdsmatrix,1.3-6
beeswarm,0.4.0
bench,1.1.3
BH,1.84.0
BiasedUrn,2.0.11
Biobase,2.62.0
BiocGenerics,0.48.1
BiocManager,1.30.22
BiocVersion,3.18.1
bit,4.0.5
bit64,4.0.5
bitops,1.0-7
blme,1.0-5
blob,1.2.4
bookdown,0.37
brew,1.0-10
brglm2,0.9.2
bridgesampling,1.1-2
brio,1.1.4
brms,2.20.4
Brobdingnag,1.2-9
broom,1.0.5
broom.helpers,1.14.0
broom.mixed,0.2.9.4
bslib,0.6.1
cachem,1.0.8
cAIC4,1.0
Cairo,1.6-2
callr,3.7.5
car,3.1-2
carData,3.0-5
caret,6.0-94
caTools,1.18.2
cba,0.2-23
cellranger,1.1.0
checkmate,2.3.1
chk,0.9.1
chron,2.3-61
classInt,0.4-10
cli,3.6.2
clipr,0.8.0
clock,0.7.0
clubSandwich,0.5.10
clue,0.3-65
cmprsk,2.2-11
coda,0.19-4.1
coin,1.4-3
collapse,2.0.10
colorspace,2.1-0
colourpicker,1.3.0
commonmark,1.9.1
conflicted,1.2.0
conquer,1.3.3
contfrac,1.1-12
corrplot,0.92
covr,3.6.4
cowplot,1.1.3
cpp11,0.4.7
crayon,1.5.2
credentials,2.0.1
crosstalk,1.2.1
crul,1.4.0
cubelyr,1.0.2
curl,5.2.0
cvar,0.5
CVST,0.2-3
cyclocomp,1.1.1
data.table,1.14.10
datawizard,0.9.1
date,1.2-42
DBI,1.2.2
DBItest,1.8.0
dbplyr,2.4.0
dbscan,1.1-12
ddalpha,1.3.15
decor,1.0.2
deldir,2.0-4
dendextend,1.17.1
DEoptimR,1.1-3
desc,1.4.3
deSolve,1.40
devtools,2.4.5
dfoptim,2023.1.0
diagram,1.6.5
dials,1.2.0
DiceDesign,1.10
dichromat,2.0-0.1
diffobj,0.3.5
digest,0.6.34
diptest,0.77-0
distributional,0.4.0
docopt,0.7.1
doMC,1.3.8
doParallel,1.0.17
doRNG,1.8.6
dotCall64,1.1-1
downlit,0.4.3
dplyr,1.1.4
DRR,0.0.4
DT,0.31
dtplyr,1.3.1
dygraphs,1.1.1.6
dynlm,0.3-6
e1071,1.7-14
earth,5.3.3
effects,4.2-2
effectsize,0.8.6
ellipse,0.5.0
ellipsis,0.3.2
elliptic,1.4-0
emdbook,1.3.13
emmeans,1.10.0
enrichwith,0.3.1
Epi,2.47.1
epiR,2.0.67
estimability,1.4.1
estimatr,1.0.2
etm,1.1.1
evaluate,0.23
evd,2.3-6.1
exactextractr,0.10.0
expint,0.1-8
expm,0.999-9
extraDistr,1.10.0
factoextra,1.0.7
FactoMineR,2.9
fansi,1.0.5
farver,2.1.1
fastICA,1.2-4
fastmap,1.1.1
fastmatch,1.1-4
fauxpas,0.5.2
fBasics,4032.96
fGarch,4032.91
fields,15.2
filehash,2.4-5
fit.models,0.64
flashClust,1.01-2
flexmix,2.3-19
flextable,0.9.4
FNN,1.1.4
fontawesome,0.5.2
fontBitstreamVera,0.1.1
fontLiberation,0.1.0
fontquiver,0.2.1
forcats,1.0.0
foreach,1.5.2
forecast,8.21.1
formatR,1.14
formattable,0.2.1
Formula,1.2-5
fpc,2.2-11
fracdiff,1.5-3
fs,1.6.3
furrr,0.3.1
futile.logger,1.4.3
futile.options,1.0.1
future,1.33.1
future.apply,1.11.1
gam,1.22-3
gamm4,0.2-6
gargle,1.5.2
gbm,2.1.8.1
gbRd,0.4-11
gbutils,0.5
gdata,3.0.0
gdtools,0.3.5
gee,4.13-26
geepack,1.3.10
generics,0.1.3
geometry,0.4.7
geosphere,1.5-18
gert,2.0.1
gfonts,0.2.0
GGally,2.2.1
gganimate,1.0.8
ggbeeswarm,0.7.2
ggeffects,1.4.0
ggforce,0.4.1
ggfortify,0.4.16
ggplot2,3.4.4
ggpubr,0.6.0
ggrepel,0.9.5
ggridges,0.5.6
ggsci,3.0.1
ggsignif,0.6.4
ggstats,0.5.1
ggthemes,5.1.0
gh,1.4.0
git2r,0.33.0
gitcreds,0.1.2
glmmTMB,1.1.8
glmnet,4.1-8
globals,0.16.2
glue,1.7.0
gmp,0.7-4
goftest,1.2-3
googledrive,2.1.1
googlesheets4,1.1.1
googleVis,0.7.1
gower,1.0.1
GPArotation,2024.2-1
gplots,3.1.3.1
graph,1.80.0
gridExtra,2.3
gridGraphics,0.5-1
gridSVG,1.7-5
gsl,2.1-8
gss,2.2-7
gstat,2.1-1
gtable,0.3.4
gtools,3.9.5
hardhat,1.3.1
haven,2.5.4
here,1.0.1
hexbin,1.28.3
highr,0.10
Hmisc,5.1-1
hms,1.1.3
HSAUR3,1.0-14
htmlTable,2.4.2
htmltools,0.5.7
htmlwidgets,1.6.4
httpcode,0.3.0
httpuv,1.6.14
httr,1.4.7
httr2,1.0.0
hunspell,3.0.3
hypergeo,1.2-13
ids,1.0.1
igraph,1.6.0
ini,0.3.1
inline,0.3.19
insight,0.19.8
intergraph,2.0-4
interp,1.1-6
intervals,0.15.4
inum,1.0-5
ipred,0.9-14
IRdisplay,1.1
isoband,0.2.7
ISOcodes,2024.02.12
iterators,1.0.14
itertools,0.1-3
janeaustenr,1.0.0
jomo,2.7-6
jpeg,0.1-10
jquerylib,0.1.4
jsonlite,1.8.8
kableExtra,1.4.0
kernlab,0.9-32
kmi,0.5.5
knitr,1.45
ks,1.14.2
labeling,0.4.3
labelled,2.12.0
lambda.r,1.2.4
later,1.3.2
latticeExtra,0.6-30
lava,1.7.3
lavaan,0.6-17
lavaSearch2,2.0.2
lazyeval,0.2.2
lbfgsb3c,2020-3.3
leaps,3.1
LearnBayes,2.15.1
libcoin,1.0-10
lifecycle,1.0.4
linprog,0.9-4
lintr,3.1.1
listenv,0.9.1
littler,0.3.19
lme4,1.1-35.1
lmerTest,3.1-3
lmtest,0.9-40
lobstr,1.1.2
locfit,1.5-9.8
logcondens,2.1.8
logspline,2.1.21
loo,2.6.0
lpSolve,5.6.20
lubridate,1.9.3
lwgeom,0.2-13
magic,1.6-1
magick,2.8.2
magrittr,2.0.3
mapdata,2.3.1
mapproj,1.2.11
maps,3.4.2
maptools,1.1-8
marginaleffects,0.18.0
markdown,1.12
MatchIt,4.5.5
mathjaxr,1.6-0
MatrixModels,0.5-3
matrixStats,1.2.0
maxLik,1.5-2
mclogit,0.9.6
mclust,6.0.1
mda,0.5-4
memisc,0.99.31.7
memoise,2.0.1
merTools,0.6.2
metadat,1.2-0
metafor,4.4-0
mets,1.3.3
mice,3.16.0
mime,0.12
miniUI,0.1.1.1
minqa,1.2.6
miscTools,0.6-28
mitml,0.4-5
mitools,2.4
mlbench,2.1-3.1
MLmetrics,1.1.1
mlmRev,1.0-8
mnormt,2.1.1
mockery,0.4.4
mockr,0.2.1
modeldata,1.3.0
ModelMetrics,1.2.2.2
modelr,0.1.11
modeltools,0.2-23
msm,1.7.1
multcomp,1.4-25
multcompView,0.1-9
multicool,1.0.1
munsell,0.5.0
mvtnorm,1.2-4
nanoarrow,0.4.0
nanotime,0.3.7
ncdf4,1.22
ncdfgeom,1.1.6
ncmeta,0.3.6
network,1.18.2
nFactors,2.4.1.1
nleqslv,3.3.5
nloptr,2.0.3
nnls,1.5
numDeriv,2016.8-1.1
officer,0.6.4
openssl,2.1.1
openxlsx,4.2.5.2
optimParallel,1.0-2
optimx,2023-10.21
ordinal,2023.12-4
packrat,0.9.2
palmerpenguins,0.1.1
pammtools,0.5.92
pan,1.9
pander,0.6.5
parallelly,1.37.1
parameters,0.21.5
party,1.3-14
partykit,1.2-20
patchwork,1.2.0
patrick,0.2.0
pbapply,1.7-2
pbivnorm,0.6.0
pbkrtest,0.5.2
pbmcapply,1.5.1
pcaPP,2.0-4
PCICt,0.5-4.4
pdftools,3.4.0
pec,2023.04.12
performance,0.10.8
phangorn,2.11.1
pillar,1.9.0
pingr,2.0.3
pkgbuild,1.4.3
pkgconfig,2.0.3
pkgdown,2.0.7
pkgKitten,0.2.3
pkgload,1.3.4
plm,2.6-3
plogr,0.2.0
plotmo,3.6.2
plotrix,3.8-4
plumber,1.2.1
plyr,1.8.9
png,0.1-8
polspline,1.1.24
polyclip,1.10-6
polycor,0.8-1
polynom,1.4-1
poorman,0.2.7
popEpi,0.4.11
posterior,1.5.0
prabclus,2.3-3
pracma,2.4.4
praise,1.0.0
prediction,0.3.14
prettyunits,1.2.0
pROC,1.18.5
processx,3.8.3
prodlim,2023.08.28
profmem,0.6.0
profvis,0.3.8
progress,1.2.3
progressr,0.14.0
projpred,2.8.0
promises,1.2.1
proxy,0.4-27
ps,1.7.6
pscl,1.5.9
psych,2.4.1
psychTools,2.4.2
Publish,2023.01.17
purrr,1.0.2
purrrlyr,0.0.8
pvclust,2.2-0
pwr,1.3-0
qpdf,1.3.2
quadprog,1.5-8
quantmod,0.4.26
quantreg,5.97
QuickJSR,1.1.3
R.cache,0.16.0
R.devices,2.17.2
R.methodsS3,1.8.2
R.oo,1.26.0
R.rsp,0.46.0
R.utils,2.12.3
R6,2.5.1
ragg,1.2.7
randomForest,4.7-1.1
ranger,0.16.0
RANN,2.6.1
rappdirs,0.3.3
raster,3.6-26
rbibutils,2.2.16
rcmdcheck,1.4.0
RColorBrewer,1.1-3
Rcpp,1.0.12
RcppArmadillo,0.12.8.1.0
RcppCCTZ,0.2.12
RcppDate,0.0.3
RcppEigen,0.3.4.0.0
RcppParallel,5.1.7
RcppProgress,0.4.2
RcppRoll,0.3.0
RcppTOML,0.2.2
Rcsdp,0.1.57.5
RCurl,1.98-1.14
Rdpack,2.6
readr,2.1.5
readxl,1.4.3
recipes,1.0.9
relsurv,2.2-9
rematch,2.0.0
rematch2,2.1.2
remotes,2.4.2.1
renv,1.0.3
repr,1.1.6
reprex,2.1.0
reshape,0.8.9
reshape2,1.4.4
reticulate,1.35.0
rex,1.2.1
rgl,1.3.1
RhpcBLASctl,0.23-42
rio,1.0.1
riskRegression,2023.12.21
rlang,1.1.3
RLRsim,3.1-8
rmarkdown,2.25
Rmpfr,0.9-5
rms,6.7-1
RMySQL,0.10.27
RNetCDF,2.9-1
rngtools,1.5.2
robumeta,2.1
robust,0.7-3
robustbase,0.99-2
ROCR,1.0-11
ROSE,0.0-4
roxygen2,7.3.1
RPostgreSQL,0.7-6
rprojroot,2.0.4
rrcov,1.7-5
rsample,1.2.0
rsconnect,1.2.0
Rsolnp,1.16
RSpectra,0.16-1
RSQLite,2.3.4
rstan,2.32.5
rstanarm,2.32.1
rstantools,2.4.0
rstatix,0.7.2
rstudioapi,0.15.0
rsvg,2.6.0
rtdists,0.11-5
RUnit,0.4.33
rversions,2.1.2
rvest,1.0.3
RWiener,1.3-3
s2,1.1.6
sandwich,3.1-0
sass,0.4.8
scales,1.3.0
scatterplot3d,0.3-44
selectr,0.4-2
sessioninfo,1.2.2
setRNG,2022.4-1
sf,1.0-15
sfsmisc,1.1-16
sftime,0.2-0
shape,1.4.6
shiny,1.8.0
shinyjs,2.1.0
shinystan,2.6.0
shinythemes,1.2.0
sjlabelled,1.2.0
sjmisc,2.8.9
sjstats,0.18.2
slider,0.3.1
sm,2.2-6.0
smcfcs,1.7.1
sna,2.7-2
snakecase,0.11.0
sodium,1.3.1
sourcetools,0.1.7-1
sp,2.1-2
spacetime,1.3-1
spam,2.10-0
SparseM,1.81
spatialreg,1.3-1
spatstat,3.0-7
spatstat.data,3.0-4
spatstat.explore,3.2-5
spatstat.geom,3.2-8
spatstat.linnet,3.1-3
spatstat.model,3.2-8
spatstat.random,3.2-2
spatstat.sparse,3.0-3
spatstat.utils,3.0-4
spData,2.3.0
spdep,1.3-1
spelling,2.2.1
splines2,0.5.1
SQUAREM,2021.1
stabledist,0.7-1
StanHeaders,2.32.5
stars,0.6-4
statmod,1.5.0
statnet.common,4.9.0
stringi,1.8.3
stringr,1.5.1
strucchange,1.5-3
survey,4.2-1
svglite,2.1.3
swagger,3.33.1
sys,3.4.2
systemfit,1.1-30
systemfonts,1.0.5
TeachingDemos,2.12
tensor,1.5
tensorA,0.36.2.1
terra,1.7-65
testit,0.13
testthat,3.2.1
textshaping,0.3.7
TH.data,1.1-2
thematic,0.1.4
themis,1.0.2
threejs,0.3.3
tibble,3.2.1
tidyr,1.3.1
tidyselect,1.2.0
tidyverse,2.0.0
tikzDevice,0.12.6
timechange,0.3.0
timeDate,4032.109
timereg,2.0.5
timeSeries,4032.109
tinytest,1.4.1
tinytex,0.49
TMB,1.9.10
transformr,0.1.4
triebeard,0.4.1
truncdist,1.0-2
truncnorm,1.0-9
tseries,0.10-55
TTR,0.24.4
tufte,0.13
tweenr,2.0.2
tzdb,0.4.0
ucminf,1.2.1
unitizer,1.4.20
units,0.8-5
urca,1.3-3
urlchecker,1.0.1
urltools,1.7.3
uroot,2.1-3
usethis,2.2.2
utf8,1.2.4
uuid,1.2-0
V8,4.4.1
vcd,1.4-12
vcr,1.2.2
vctrs,0.6.5
vdiffr,1.0.7
VennDiagram,1.7.3
VGAM,1.1-9
vioplot,0.4.0
vipor,0.4.7
viridis,0.6.5
viridisLite,0.4.2
vroom,1.6.5
waldo,0.5.2
warp,0.2.1
webfakes,1.3.0
webmockr,0.9.0
webshot,0.5.5
webutils,1.2.0
whisker,0.4.1
whoami,1.3.0
withr,2.5.0
wk,0.9.1
writexl,1.5.0
xfun,0.41
XML,3.99-0.16.1
xml2,1.3.6
xmlparsedata,1.0.5
xopen,1.0.0
xtable,1.8-4
xts,0.13.2
yaml,2.3.8
zeallot,0.1.0
zip,2.3.1
zoo,1.8-12
base,4.3.3
boot,1.3-30
class,7.3-22
cluster,2.1.6
codetools,0.2-19
compiler,4.3.3
datasets,4.3.3
foreign,0.8-86
graphics,4.3.3
grDevices,4.3.3
grid,4.3.3
KernSmooth,2.23-22
lattice,0.22-5
MASS,7.3-60.0.1
Matrix,1.6-5
methods,4.3.3
mgcv,1.9-1
nlme,3.1-164
nnet,7.3-19
parallel,4.3.3
rpart,4.1.23
spatial,7.3-17
splines,4.3.3
stats,4.3.3
stats4,4.3.3
survival,3.5-8
tcltk,4.3.3
tools,4.3.3
utils,4.3.3
