id,source_split,fold,dice,jaccard,precision,recall,other_dice,paired_advantage,rank,top1_credit,words_baseline,words_followup,content_baseline,content_followup,all_word_dice
dev_0001,dev,5,0.05853658536585366,0.03015075376884422,0.037037037037037035,0.13953488372093023,0.03455503897377873,0.023981546392074934,29,0,333,133,162,43,0.18430034129692832
dev_0002,dev,2,0.13953488372093023,0.075,0.1111111111111111,0.1875,0.04917839182058148,0.09035649190034875,12,0,116,46,54,32,0.2
dev_0003,dev,3,0.07692307692307693,0.04,0.09090909090909091,0.06666666666666667,0.044075551217698614,0.032847525705378314,43.5,0,22,66,22,30,0.058823529411764705
dev_0004,dev,4,0.07142857142857142,0.037037037037037035,0.06666666666666667,0.07692307692307693,0.023535523742629544,0.04789304768594188,14,0,38,36,15,13,0.2978723404255319
dev_0005,dev,4,0.4186046511627907,0.2647058823529412,0.4090909090909091,0.42857142857142855,0.0632554673760929,0.35534918378669783,2,0,74,75,22,21,0.5
dev_0006,dev,4,0.15384615384615385,0.08333333333333333,0.11764705882352941,0.2222222222222222,0.022984582494985365,0.1308615713511685,2,0,50,11,17,9,0.25806451612903225
dev_0007,dev,3,0.171875,0.09401709401709402,0.15492957746478872,0.19298245614035087,0.04098480106835301,0.130890198931647,1,1,152,141,71,57,0.22988505747126436
dev_0008,dev,2,0.1951219512195122,0.10810810810810811,0.19047619047619047,0.2,0.035743245043223314,0.15937870617628888,2.5,0,21,20,21,20,0.1951219512195122
dev_0009,dev,4,0.24444444444444444,0.13924050632911392,0.21568627450980393,0.28205128205128205,0.06303415674841381,0.18141028769603063,1,1,118,99,51,39,0.3875968992248062
dev_0010,dev,3,0.15789473684210525,0.08571428571428572,0.15789473684210525,0.15789473684210525,0.08133871842828204,0.07655601841382322,14,0,136,92,38,38,0.2549019607843137
dev_0011,dev,2,0.14634146341463414,0.07894736842105263,0.15384615384615385,0.13953488372093023,0.060573430197445,0.08576803321718914,8,0,112,83,39,43,0.1896551724137931
dev_0012,dev,4,0.22950819672131148,0.12962962962962962,0.23333333333333334,0.22580645161290322,0.030140862769877937,0.19936733395143355,1,1,51,58,30,31,0.26506024096385544
dev_0013,dev,1,0.1509433962264151,0.08163265306122448,0.1702127659574468,0.13559322033898305,0.05738111939341858,0.0935622768329965,7,0,162,167,47,59,0.2822085889570552
dev_0014,dev,5,0.19230769230769232,0.10638297872340426,0.23255813953488372,0.16393442622950818,0.06491601079962388,0.12739168150806846,2,0,120,244,43,61,0.29931972789115646
dev_0015,dev,1,0.28,0.16279069767441862,0.28,0.28,0.059273931072679524,0.2207260689273205,1,1,34,63,25,25,0.40625
dev_0016,dev,2,0.07407407407407407,0.038461538461538464,0.06666666666666667,0.08333333333333333,0.05804214085060298,0.016031933223471087,75,0,128,42,45,36,0.06896551724137931
dev_0017,dev,4,0.208955223880597,0.11666666666666667,0.19444444444444445,0.22580645161290322,0.05336338244596838,0.15559184143462862,3,0,103,81,36,31,0.25
dev_0018,dev,1,0.06896551724137931,0.03571428571428571,0.06896551724137931,0.06896551724137931,0.06693196946285884,0.002033547778520467,92.5,0,74,97,29,29,0.28
dev_0019,dev,3,0.07692307692307693,0.04,0.05333333333333334,0.13793103448275862,0.05267228160046541,0.02425079532261152,48,0,138,31,75,29,0.07518796992481203
dev_0020,dev,3,0.2222222222222222,0.125,0.2631578947368421,0.19230769230769232,0.04245673313796626,0.17976548908425594,1,1,24,55,19,26,0.1791044776119403
dev_0021,dev,1,0.32142857142857145,0.19148936170212766,0.3103448275862069,0.3333333333333333,0.05780833114444667,0.2636202402841248,1,1,100,89,29,27,0.4057971014492754
dev_0022,dev,1,0.17391304347826086,0.09523809523809523,0.16666666666666666,0.18181818181818182,0.03485430607645935,0.13905873740180152,3,0,24,22,24,22,0.17391304347826086
dev_0023,dev,3,0.10126582278481013,0.05333333333333334,0.19047619047619047,0.06896551724137931,0.03905168873744223,0.06221413404736789,15,0,41,123,21,58,0.10309278350515463
dev_0024,dev,3,0.2916666666666667,0.17073170731707318,0.25925925925925924,0.3333333333333333,0.06402996993408651,0.2276366967325802,3,0,90,74,27,21,0.3448275862068966
dev_0025,dev,3,0.030303030303030304,0.015384615384615385,0.019867549668874173,0.06382978723404255,0.013885875413773167,0.016417154889257136,31,0,292,114,151,47,0.11428571428571428
dev_0026,dev,4,0.13138686131386862,0.0703125,0.17647058823529413,0.10465116279069768,0.06263725495912043,0.0687496063547482,11,0,155,222,51,86,0.2604166666666667
dev_0027,dev,3,0.14754098360655737,0.07964601769911504,0.375,0.09183673469387756,0.057471661292188655,0.09006932231436872,22,0,26,257,24,98,0.10778443113772455
dev_0028,dev,3,0.1686746987951807,0.09210526315789473,0.14583333333333334,0.2,0.06182087794540473,0.10685382084977599,2,0,118,67,48,35,0.26865671641791045
dev_0029,dev,1,0.34615384615384615,0.20930232558139536,0.3333333333333333,0.36,0.062655099246867,0.2834987469069791,1,1,94,83,27,25,0.4126984126984127
dev_0030,dev,5,0.12857142857142856,0.06870229007633588,0.10975609756097561,0.15517241379310345,0.052959814901927124,0.07561161366950143,13,0,214,190,82,58,0.2347417840375587
dev_0031,dev,1,0.16326530612244897,0.08888888888888889,0.12903225806451613,0.2222222222222222,0.03545947994970202,0.12780582617274694,2,0,93,40,31,18,0.3125
dev_0032,dev,1,0.05405405405405406,0.027777777777777776,0.16666666666666666,0.03225806451612903,0.0022751024660607262,0.05177895158799333,4,0,20,86,6,31,0.19230769230769232
dev_0033,dev,2,0.08695652173913043,0.045454545454545456,0.09523809523809523,0.08,0.040076935203504735,0.0468795865356257,31,0,21,28,21,25,0.0851063829787234
dev_0034,dev,1,0.4,0.25,0.4090909090909091,0.391304347826087,0.05251364648774246,0.34748635351225754,1,1,43,86,22,23,0.41509433962264153
dev_0035,dev,3,0.23376623376623376,0.1323529411764706,0.21951219512195122,0.25,0.046456734970126194,0.18730949879610756,1,1,113,102,41,36,0.30612244897959184
dev_0036,dev,5,0.3956043956043956,0.2465753424657534,0.4090909090909091,0.3829787234042553,0.0766050625294002,0.3189993330749954,1,1,115,131,44,47,0.4696969696969697
dev_0037,dev,3,0.09859154929577464,0.05185185185185185,0.09210526315789473,0.10606060606060606,0.0453773613076008,0.053214187988173844,21,0,175,164,76,66,0.22115384615384615
dev_0038,dev,3,0.0611353711790393,0.03153153153153153,0.040229885057471264,0.12727272727272726,0.03930353858191577,0.021831832597123527,42.5,0,451,154,174,55,0.14935064935064934
dev_0039,dev,4,0.11428571428571428,0.06060606060606061,0.2,0.08,0.01519171871586899,0.09909399556984529,2,0,20,53,10,25,0.12698412698412698
dev_0040,dev,4,0.04081632653061224,0.020833333333333332,0.030303030303030304,0.0625,0.04182285193332216,-0.0010065254027099152,86,0,128,35,33,16,0.175
dev_0041,dev,1,0.16666666666666666,0.09090909090909091,0.21428571428571427,0.13636363636363635,0.04030171086161762,0.12636495580504903,2,0,83,117,28,44,0.25925925925925924
dev_0042,dev,1,0.03225806451612903,0.01639344262295082,0.018867924528301886,0.1111111111111111,0.050641085654890824,-0.018383021138761793,121.5,0,153,20,53,9,0.18181818181818182
dev_0043,dev,2,0.15384615384615385,0.08333333333333333,0.11666666666666667,0.22580645161290322,0.06365835654773791,0.09018779729841594,4,0,180,115,60,31,0.2706766917293233
dev_0044,dev,2,0.05,0.02564102564102564,0.0625,0.041666666666666664,0.0417571129327629,0.008242887067237102,75.5,0,31,80,16,24,0.18518518518518517
dev_0045,dev,1,0.20689655172413793,0.11538461538461539,0.2222222222222222,0.1935483870967742,0.062058438315589035,0.1448381134085489,1,1,112,147,54,62,0.2545454545454545
dev_0046,dev,2,0.2553191489361702,0.14634146341463414,0.25,0.2608695652173913,0.05127665354268828,0.2040424953934819,1,1,24,76,24,23,0.24
dev_0047,dev,4,0.13333333333333333,0.07142857142857142,0.1,0.2,0.05385283370401243,0.07948049962932091,8,0,153,46,50,25,0.26229508196721313
dev_0048,dev,4,0.36363636363636365,0.2222222222222222,0.37037037037037035,0.35714285714285715,0.056930683744537275,0.3067056798918264,1,1,89,90,27,28,0.39436619718309857
dev_0049,dev,1,0.19801980198019803,0.10989010989010989,0.19607843137254902,0.2,0.0549646801708803,0.14305512180931773,1,1,134,152,51,50,0.2913907284768212
dev_0050,dev,3,0.10126582278481013,0.05333333333333334,0.11764705882352941,0.08888888888888889,0.033510721971470245,0.06775510081333988,12,0,47,113,34,45,0.1981981981981982
train_0001,train,3,0.10526315789473684,0.05555555555555555,0.07894736842105263,0.15789473684210525,0.04865245222406743,0.056610705670669406,18.5,0,89,62,38,19,0.15584415584415584
train_0002,train,5,0.3,0.17647058823529413,0.28125,0.32142857142857145,0.07065624646518301,0.22934375353481698,1,1,101,58,32,28,0.35443037974683544
train_0003,train,2,0.14634146341463414,0.07894736842105263,0.10344827586206896,0.25,0.03299322052512873,0.1133482428895054,4,0,34,37,29,12,0.21428571428571427
train_0004,train,4,0.11764705882352941,0.0625,0.125,0.1111111111111111,0.06197547546118362,0.05567158336234579,31,0,47,89,24,27,0.23529411764705882
train_0005,train,4,0.13043478260869565,0.06976744186046512,0.15789473684210525,0.1111111111111111,0.038849792161067556,0.09158499044762809,14,0,28,115,19,27,0.1791044776119403
train_0006,train,4,0.13186813186813187,0.07058823529411765,0.13333333333333333,0.13043478260869565,0.042520110155521235,0.08934802171261064,5,0,132,112,45,46,0.1834862385321101
train_0007,train,5,0.2018348623853211,0.11224489795918367,0.2037037037037037,0.2,0.052004945468158016,0.1498299169171631,1,1,154,144,54,55,0.3105590062111801
train_0008,train,3,0.22641509433962265,0.1276595744680851,0.24,0.21428571428571427,0.02306050888128906,0.2033545854583336,1,1,53,30,25,28,0.23333333333333334
train_0009,train,4,0.19393939393939394,0.10738255033557047,0.12307692307692308,0.45714285714285713,0.051781175937862294,0.14215821800153164,1,1,358,98,130,35,0.1981981981981982
train_0010,train,3,0.34146341463414637,0.20588235294117646,0.3333333333333333,0.35,0.05720887465688186,0.2842545399772645,1,1,75,24,21,20,0.36
train_0011,train,1,0.13953488372093023,0.075,0.15,0.13043478260869565,0.023540342244820288,0.11599454147610994,2,0,20,50,20,23,0.1016949152542373
train_0012,train,3,0.24561403508771928,0.14,0.23333333333333334,0.25925925925925924,0.03929220829076486,0.20632182679695443,1,1,56,65,30,27,0.275
train_0013,train,3,0.19672131147540983,0.10909090909090909,0.1935483870967742,0.2,0.04788388188049691,0.14883742959491292,1,1,92,88,31,30,0.2682926829268293
train_0014,train,1,0.2978723404255319,0.175,0.3181818181818182,0.28,0.04430513147886416,0.25356720894666773,1,1,79,101,22,25,0.36065573770491804
train_0015,train,1,0.05063291139240506,0.025974025974025976,0.1111111111111111,0.03278688524590164,0.022895971233730866,0.027736940158674197,36,0,60,137,18,61,0.07339449541284404
train_0016,train,2,0,0,0,0,0.02259227924906655,-0.02259227924906655,139,0,19,51,7,29,0.1111111111111111
train_0017,train,1,0.047619047619047616,0.024390243902439025,0.043478260869565216,0.05263157894736842,0.024016470177388307,0.02360257744165931,37.5,0,72,22,23,19,0.057971014492753624
train_0018,train,5,0.2085889570552147,0.11643835616438356,0.3695652173913043,0.1452991452991453,0.03975425329068191,0.1688347037645328,1,1,107,271,46,117,0.3063063063063063
train_0019,train,5,0.12121212121212122,0.06451612903225806,0.09523809523809523,0.16666666666666666,0.04625460279769089,0.07495751841443032,16.5,0,63,15,21,12,0.12244897959183673
train_0020,train,4,0.1,0.05263157894736842,0.08928571428571429,0.11363636363636363,0.03511660559794798,0.06488339440205203,6,0,103,78,56,44,0.18571428571428572
train_0021,train,1,0.3,0.17647058823529413,0.3103448275862069,0.2903225806451613,0.08097613662353342,0.21902386337646657,1,1,77,72,29,31,0.36363636363636365
train_0022,train,4,0.24242424242424243,0.13793103448275862,0.2553191489361702,0.23076923076923078,0.058238091820041415,0.18418615060420102,1,1,147,176,47,52,0.35294117647058826
train_0023,train,2,0.1807909604519774,0.09937888198757763,0.18823529411764706,0.17391304347826086,0.04494817285781767,0.13584278759415974,1,1,306,276,85,92,0.33093525179856115
train_0024,train,2,0.2978723404255319,0.175,0.28,0.3181818181818182,0.02961519881923064,0.26825714160630126,1,1,87,23,25,22,0.2692307692307692
train_0025,train,4,0.2247191011235955,0.12658227848101267,0.3225806451612903,0.1724137931034483,0.054258566242834726,0.17046053488076077,1,1,80,140,31,58,0.24390243902439024
train_0026,train,3,0.16326530612244897,0.08888888888888889,0.21052631578947367,0.13333333333333333,0.024162702977351586,0.13910260314509737,2,0,20,31,19,30,0.16326530612244897
train_0027,train,2,0.29213483146067415,0.17105263157894737,0.2826086956521739,0.3023255813953488,0.057014952370953664,0.23511987908972048,1,1,118,111,46,43,0.3875968992248062
train_0028,train,5,0.08695652173913043,0.045454545454545456,0.1111111111111111,0.07142857142857142,0.04157129706278487,0.045385224676345565,34,0,19,62,18,28,0.07017543859649122
train_0029,train,3,0.15384615384615385,0.08333333333333333,0.15789473684210525,0.15,0.029942267842173995,0.12390388600397986,3,0,22,54,19,20,0.16666666666666666
train_0030,train,5,0.12244897959183673,0.06521739130434782,0.13043478260869565,0.11538461538461539,0.035386688824532,0.08706229076730473,9.5,0,29,80,23,26,0.13333333333333333
train_0031,train,4,0.21311475409836064,0.11926605504587157,0.15853658536585366,0.325,0.04992843607405817,0.16318631802430247,1,1,215,91,82,40,0.26285714285714284
train_0032,train,2,0.05714285714285714,0.029411764705882353,0.047619047619047616,0.07142857142857142,0.050383812072379845,0.006759045070477296,86,0,139,88,63,42,0.25609756097560976
train_0033,train,4,0.5454545454545454,0.375,0.46153846153846156,0.6666666666666666,0.022197434430227914,0.5232571110243175,1,1,28,20,26,18,0.5652173913043478
train_0034,train,1,0.24096385542168675,0.136986301369863,0.2564102564102564,0.22727272727272727,0.03975183661464681,0.20121201880703993,1,1,82,110,39,44,0.31932773109243695
train_0035,train,2,0.25742574257425743,0.14772727272727273,0.22413793103448276,0.3023255813953488,0.0502041165936774,0.20722162598058003,1,1,154,107,58,43,0.34838709677419355
train_0036,train,5,0.08888888888888889,0.046511627906976744,0.125,0.06896551724137931,0.04970701567999931,0.039181873208889585,39.5,0,80,162,32,58,0.2638888888888889
train_0037,train,4,0.08163265306122448,0.0425531914893617,0.07142857142857142,0.09523809523809523,0.05720147357809735,0.024431179483127133,47.5,0,84,21,28,21,0.06779661016949153
train_0038,train,1,0.1774193548387097,0.09734513274336283,0.171875,0.18333333333333332,0.03665763861565426,0.14076171622305542,1,1,92,88,64,60,0.2484472049689441
train_0039,train,2,0.23157894736842105,0.13095238095238096,0.25,0.21568627450980393,0.07377377452153942,0.15780517284688161,3,0,126,151,44,51,0.3007518796992481
train_0040,train,3,0.15730337078651685,0.08536585365853659,0.28,0.109375,0.03151485743281215,0.1257885133537047,1,1,80,164,25,64,0.22727272727272727
train_0041,train,4,0.4126984126984127,0.26,0.3611111111111111,0.48148148148148145,0.06952406508367417,0.34317434761473853,1,1,89,88,36,27,0.4533333333333333
train_0042,train,1,0.047619047619047616,0.024390243902439025,0.030303030303030304,0.1111111111111111,0.030313991884996897,0.01730505573405072,57,0,87,21,33,9,0.2597402597402597
train_0043,train,4,0.2564102564102564,0.14705882352941177,0.20833333333333334,0.3333333333333333,0.038161494745882485,0.2182487616643739,1,1,120,83,48,30,0.32653061224489793
train_0044,train,5,0.42424242424242425,0.2692307692307692,0.3783783783783784,0.4827586206896552,0.06100489698752983,0.36323752725489444,1,1,99,66,37,29,0.4810126582278481
train_0045,train,1,0.16326530612244897,0.08888888888888889,0.2222222222222222,0.12903225806451613,0.07266348974113988,0.09060181638130908,10,0,107,162,36,62,0.2535211267605634
train_0046,train,4,0.22641509433962265,0.1276595744680851,0.21428571428571427,0.24,0.05687488550322662,0.16954020883639603,2,0,41,88,28,25,0.26865671641791045
train_0047,train,4,0.4067796610169492,0.2553191489361702,0.3870967741935484,0.42857142857142855,0.03762192867688364,0.36915773234006555,1,1,95,96,31,28,0.45714285714285713
train_0048,train,4,0.1935483870967742,0.10714285714285714,0.15789473684210525,0.25,0.05105611087187436,0.14249227622489982,3,0,160,92,38,24,0.28
train_0049,train,3,0.07142857142857142,0.037037037037037035,0.05555555555555555,0.1,0.046116995556443406,0.02531157587212802,45,0,91,64,36,20,0.1411764705882353
train_0050,train,1,0.14925373134328357,0.08064516129032258,0.1724137931034483,0.13157894736842105,0.060094067666131484,0.08915966367715208,11,0,106,110,29,38,0.2912621359223301
train_0051,train,1,0.08450704225352113,0.04411764705882353,0.14285714285714285,0.06,0.06471383223139458,0.019793210022126542,61,0,25,139,21,50,0.14
train_0052,train,4,0.06349206349206349,0.03278688524590164,0.03870967741935484,0.17647058823529413,0.04962903319462597,0.013863030297437517,68,0,440,38,155,34,0.04838709677419355
train_0053,train,5,0.05714285714285714,0.029411764705882353,0.07142857142857142,0.047619047619047616,0.0341375962543429,0.02300526088851424,42.5,0,39,55,14,21,0.2727272727272727
train_0054,train,2,0,0,0,0,0.04155072981630206,-0.04155072981630206,174.5,0,113,16,34,5,0.16129032258064516
train_0055,train,3,0,0,0,0,0.04160698482431934,-0.04160698482431934,152.5,0,20,24,20,21,0
train_0056,train,1,0.09523809523809523,0.05,0.14285714285714285,0.07142857142857142,0.051372881482169216,0.043865213755926016,43,0,21,109,21,42,0.075
train_0057,train,3,0,0,0,0,0.04229649224918481,-0.04229649224918481,170.5,0,86,6,35,6,0
train_0058,train,5,0.3333333333333333,0.2,0.3333333333333333,0.3333333333333333,0.04684700039091781,0.2864863329424155,1,1,127,119,48,48,0.4
train_0059,train,5,0.20408163265306123,0.11363636363636363,0.22727272727272727,0.18518518518518517,0.05076023977744009,0.15332139287562113,2,0,45,87,22,27,0.26666666666666666
train_0060,train,5,0.19130434782608696,0.10576923076923077,0.1375,0.3142857142857143,0.07112169096843358,0.12018265685765338,6,0,226,49,80,35,0.24096385542168675
train_0061,train,2,0.09615384615384616,0.050505050505050504,0.07042253521126761,0.15151515151515152,0.05479132075725409,0.04136252539659207,30,0,200,91,71,33,0.24705882352941178
train_0062,train,3,0.05128205128205128,0.02631578947368421,0.03773584905660377,0.08,0.05112296667575475,1.5908460629653065e-4,92,0,123,29,53,25,0.10526315789473684
train_0063,train,2,0.17142857142857143,0.09375,0.13636363636363635,0.23076923076923078,0.04911396269695616,0.12231460873161527,4,0,73,40,22,13,0.26666666666666666
train_0064,train,2,0.30434782608695654,0.1794871794871795,0.30434782608695654,0.30434782608695654,0.05365585515396927,0.2506919709329873,1,1,66,27,23,23,0.3018867924528302
train_0065,train,4,0.20202020202020202,0.11235955056179775,0.21739130434782608,0.18867924528301888,0.05993996887702978,0.14208023314317225,2,0,109,149,46,53,0.3096774193548387
train_0066,train,4,0.17391304347826086,0.09523809523809523,0.3333333333333333,0.11764705882352941,0.021131148060040336,0.15278189541822051,1,1,32,88,12,34,0.30303030303030304
train_0067,train,5,0.15873015873015872,0.08620689655172414,0.2631578947368421,0.11363636363636363,0.04943462787166234,0.10929553085849639,3,0,45,141,19,44,0.28846153846153844
train_0068,train,3,0.3137254901960784,0.18604651162790697,0.3333333333333333,0.2962962962962963,0.06692106265403391,0.2468044275420445,1,1,76,74,24,27,0.36923076923076925
train_0069,train,2,0.18604651162790697,0.10256410256410256,0.23529411764705882,0.15384615384615385,0.05162035113875606,0.1344261604891509,3,0,69,141,34,52,0.22413793103448276
train_0070,train,1,0.3218390804597701,0.1917808219178082,0.34146341463414637,0.30434782608695654,0.07119919517497636,0.25063988528479375,1,1,98,110,41,46,0.35772357723577236
train_0071,train,5,0.1320754716981132,0.0707070707070707,0.1320754716981132,0.1320754716981132,0.04355140428224982,0.08852406741586338,4,0,142,150,53,53,0.29411764705882354
train_0072,train,5,0,0,0,0,0.03605354184622062,-0.03605354184622062,167,0,74,36,30,17,0.16901408450704225
train_0073,train,1,0.16666666666666666,0.09090909090909091,0.2857142857142857,0.11764705882352941,0.046101467389956526,0.12056519927671014,2,0,72,148,28,68,0.22900763358778625
train_0074,train,1,0.17333333333333334,0.0948905109489051,0.203125,0.1511627906976744,0.044567413321750245,0.1287659200115831,2,0,153,186,64,86,0.24271844660194175
train_0075,train,2,0.02197802197802198,0.011111111111111112,0.015873015873015872,0.03571428571428571,0.03707992166447511,-0.015101899686453129,119.5,0,150,70,63,28,0.125
train_0076,train,2,0.10344827586206896,0.05454545454545454,0.1,0.10714285714285714,0.06795794252123913,0.035490333340829835,53,0,34,55,30,28,0.1111111111111111
train_0077,train,1,0.205607476635514,0.11458333333333333,0.1864406779661017,0.22916666666666666,0.0653319195387125,0.1402755570968015,1,1,179,150,59,48,0.304635761589404
train_0078,train,5,0.13793103448275862,0.07407407407407407,0.1111111111111111,0.18181818181818182,0.048507710965442735,0.08942332351731588,6,0,145,76,72,44,0.17105263157894737
train_0079,train,2,0.12121212121212122,0.06451612903225806,0.125,0.11764705882352941,0.036157081292097715,0.0850550399200235,4,0,27,35,16,17,0.36363636363636365
train_0080,train,2,0.34615384615384615,0.20930232558139536,0.42857142857142855,0.2903225806451613,0.047537469771964255,0.2986163763818819,1,1,22,96,21,31,0.2903225806451613
train_0081,train,1,0.37037037037037035,0.22727272727272727,0.38461538461538464,0.35714285714285715,0.04019124787765635,0.330179122492714,1,1,50,28,26,28,0.35714285714285715
train_0082,train,3,0.35,0.21212121212121213,0.35,0.35,0.034731326390773,0.315268673609227,1,1,21,20,20,20,0.35
train_0083,train,2,0.16279069767441862,0.08860759493670886,0.1794871794871795,0.14893617021276595,0.0677967466053792,0.09499395106903942,8,0,114,118,39,47,0.25806451612903225
train_0084,train,5,0,0,0,0,0.012179784200359395,-0.012179784200359395,118,0,4,4,1,1,0.75
train_0085,train,2,0.02564102564102564,0.012987012987012988,0.043478260869565216,0.01818181818181818,0.022752148379026702,0.002888877261998938,87.5,0,49,136,23,55,0.144
train_0086,train,3,0.425531914893617,0.2702702702702703,0.47619047619047616,0.38461538461538464,0.025980197665219428,0.3995517172283976,1,1,42,52,21,26,0.49230769230769234
train_0087,train,2,0.13953488372093023,0.075,0.10714285714285714,0.2,0.045489912931003636,0.0940449707899266,2,0,414,231,140,75,0.26582278481012656
train_0088,train,5,0.14173228346456693,0.07627118644067797,0.25,0.0989010989010989,0.08757322627894773,0.0541590571856192,34,0,92,220,36,91,0.21978021978021978
train_0089,train,5,0.14814814814814814,0.08,0.125,0.18181818181818182,0.058436755852484125,0.08971139229566402,7,0,90,91,32,22,0.19444444444444445
train_0090,train,3,0.12080536912751678,0.06428571428571428,0.1232876712328767,0.11842105263157894,0.05116882201390277,0.06963654711361401,13,0,198,161,73,76,0.2
train_0091,train,5,0.08333333333333333,0.043478260869565216,0.058823529411764705,0.14285714285714285,0.05015423655025536,0.03317909678307797,41.5,0,48,16,17,7,0.34146341463414637
train_0092,train,1,0.024390243902439025,0.012345679012345678,0.047619047619047616,0.01639344262295082,0.036109025372736685,-0.01171878147029766,121.5,0,36,158,21,61,0.16129032258064516
train_0093,train,5,0.09302325581395349,0.04878048780487805,0.13333333333333333,0.07142857142857142,0.02865618837851747,0.06436706743543602,16.5,0,25,88,15,28,0.1935483870967742
train_0094,train,2,0.16393442622950818,0.08928571428571429,0.1388888888888889,0.2,0.053890680626253594,0.11004374560325458,2,0,92,30,36,25,0.15789473684210525
train_0095,train,4,0.0847457627118644,0.04424778761061947,0.08196721311475409,0.08771929824561403,0.028897905486061765,0.05584785722580264,16,0,142,123,61,57,0.18633540372670807
train_0096,train,4,0.10256410256410256,0.05405405405405406,0.10256410256410256,0.10256410256410256,0.05234859406989394,0.05021550849420862,18,0,105,96,39,39,0.24528301886792453
train_0097,train,3,0.34285714285714286,0.20689655172413793,0.2727272727272727,0.46153846153846156,0.054028259803697326,0.28882888305344556,1,1,66,40,22,13,0.4
train_0098,train,5,0,0,0,0,0.04141462076555691,-0.04141462076555691,183.5,0,270,4,94,1,0.04918032786885246
train_0099,train,1,0.08130081300813008,0.0423728813559322,0.11363636363636363,0.06329113924050633,0.029880220980658373,0.05142059202747171,11,0,124,159,44,79,0.16049382716049382
train_0100,train,2,0.2,0.1111111111111111,0.13333333333333333,0.4,0.05428482668419047,0.14571517331580955,4.5,0,27,5,15,5,0.16
train_0101,train,3,0.03389830508474576,0.017241379310344827,0.037037037037037035,0.03125,0.037305023864689354,-0.003406718779943592,96,0,60,94,27,32,0.14285714285714285
train_0102,train,3,0,0,0,0,0.048601423281173485,-0.048601423281173485,183,0,111,5,50,3,0
train_0103,train,4,0.2682926829268293,0.15492957746478872,0.4230769230769231,0.19642857142857142,0.06729060147268143,0.20100208145414786,5,0,87,123,26,56,0.2857142857142857
train_0104,train,1,0.125,0.06666666666666667,0.25,0.08333333333333333,0.03862248132776093,0.08637751867223907,20,0,20,162,20,60,0.0970873786407767
train_0105,train,3,0.19428571428571428,0.10759493670886076,0.16666666666666666,0.2328767123287671,0.055026411017637146,0.13925930326807714,1,1,263,177,102,73,0.2966101694915254
train_0106,train,4,0.18181818181818182,0.1,0.2,0.16666666666666666,0.03135425188188655,0.15046392993629526,1,1,21,27,10,12,0.4090909090909091
train_0107,train,2,0.04878048780487805,0.025,0.07142857142857142,0.037037037037037035,0.03766910511443488,0.011111382690443171,71.5,0,29,52,14,27,0.12698412698412698
train_0108,train,2,0.13333333333333333,0.07142857142857142,0.15384615384615385,0.11764705882352941,0.05994795613787128,0.07338537719546205,11.5,0,62,86,26,34,0.22784810126582278
train_0109,train,5,0,0,0,0,0.028631811386003275,-0.028631811386003275,152,0,65,73,19,20,0.12
train_0110,train,2,0.22857142857142856,0.12903225806451613,0.18181818181818182,0.3076923076923077,0.05876092665807978,0.1698105019133488,1,1,97,77,44,26,0.25263157894736843
train_0111,train,1,0.20588235294117646,0.11475409836065574,0.18421052631578946,0.23333333333333334,0.05465818756015127,0.15122416538102518,1,1,113,91,38,30,0.2828282828282828
train_0112,train,2,0.20481927710843373,0.11409395973154363,0.29310344827586204,0.1574074074074074,0.05634666999366452,0.1484726071147692,1,1,137,282,58,108,0.2727272727272727
train_0113,train,2,0.1917808219178082,0.10606060606060606,0.18421052631578946,0.2,0.04584796049337447,0.14593286142443374,1,1,96,100,38,35,0.28846153846153844
train_0114,train,1,0.15789473684210525,0.08571428571428572,0.1125,0.2647058823529412,0.06294973813779,0.09494499870431525,3,0,205,67,80,34,0.1910828025477707
train_0115,train,3,0.0916030534351145,0.048,0.15384615384615385,0.06521739130434782,0.04322177807303921,0.048381275362075295,25,0,80,217,39,92,0.2
train_0116,train,2,0,0,0,0,0.013089652941870642,-0.013089652941870642,127,0,3,78,2,38,0.03333333333333333
train_0117,train,3,0.32558139534883723,0.19444444444444445,0.25925925925925924,0.4375,0.0706334774406629,0.25494791790817434,2,0,50,16,27,16,0.27450980392156865
train_0118,train,5,0.13846153846153847,0.0743801652892562,0.21428571428571427,0.10227272727272728,0.0434604966485147,0.09500104181302377,4,0,105,219,42,88,0.24210526315789474
train_0119,train,5,0.09375,0.04918032786885246,0.06382978723404255,0.17647058823529413,0.03991557400425494,0.05383442599574506,19,0,106,24,47,17,0.13186813186813187
train_0120,train,5,0.1724137931034483,0.09433962264150944,0.16666666666666666,0.17857142857142858,0.08201422021384953,0.09039957288959875,14,0,85,100,30,28,0.28205128205128205
train_0121,train,2,0.20618556701030927,0.11494252873563218,0.20408163265306123,0.20833333333333334,0.06165953410910073,0.14452603290120852,2,0,128,123,49,48,0.2857142857142857
train_0122,train,1,0.20833333333333334,0.11627906976744186,0.25,0.17857142857142858,0.04871525108861315,0.15961808224472018,2,0,40,99,20,28,0.3076923076923077
train_0123,train,5,0.047058823529411764,0.024096385542168676,0.09090909090909091,0.031746031746031744,0.03249979223153168,0.014559031297880082,52,0,78,173,22,63,0.15602836879432624
train_0124,train,1,0.06666666666666667,0.034482758620689655,0.25,0.038461538461538464,0.016799072208572612,0.04986759445809405,18,0,12,141,8,52,0.10309278350515463
train_0125,train,4,0,0,0,0,0.014931356655089021,-0.014931356655089021,137,0,26,73,23,34,0.05128205128205128
train_0126,train,2,0.12121212121212122,0.06451612903225806,0.11764705882352941,0.125,0.02452737690208571,0.0966847443100355,4,0,48,17,17,16,0.10810810810810811
train_0127,train,1,0.3333333333333333,0.2,0.375,0.3,0.06246755039557184,0.2708657829377615,2,0,26,38,24,30,0.3448275862068966
train_0128,train,4,0.025974025974025976,0.013157894736842105,0.017857142857142856,0.047619047619047616,0.042845923234844534,-0.016871897260818558,128,0,123,25,56,21,0.0784313725490196
train_0129,train,5,0.1951219512195122,0.10810810810810811,0.2,0.19047619047619047,0.053596155019719725,0.14152579619979247,5.5,0,56,29,20,21,0.3076923076923077
train_0130,train,5,0.24489795918367346,0.13953488372093023,0.3,0.20689655172413793,0.061205162081009956,0.1836927971026635,4,0,40,79,20,29,0.2413793103448276
train_0131,train,1,0.22857142857142856,0.12903225806451613,0.17391304347826086,0.3333333333333333,0.061752310017029306,0.16681911855439926,1,1,187,94,69,36,0.2913907284768212
train_0132,train,2,0.11538461538461539,0.061224489795918366,0.0967741935483871,0.14285714285714285,0.055623393056806955,0.059761222327808436,15,0,70,36,31,21,0.1388888888888889
train_0133,train,2,0.075,0.03896103896103896,0.08108108108108109,0.06976744186046512,0.06640276868240198,0.008597231317598014,79,0,76,94,37,43,0.2204724409448819
train_0134,train,3,0.11764705882352941,0.0625,0.09259259259259259,0.16129032258064516,0.04711931812970025,0.07052774069382917,10.5,0,132,96,54,31,0.18181818181818182
train_0135,train,5,0.15053763440860216,0.08139534883720931,0.20588235294117646,0.11864406779661017,0.053100503993613275,0.09743713041498889,4,0,53,124,34,59,0.20634920634920634
train_0136,train,3,0.06666666666666667,0.034482758620689655,0.05263157894736842,0.09090909090909091,0.04000781991358135,0.026658846753085316,45,0,84,22,38,22,0.04597701149425287
train_0137,train,5,0.057971014492753624,0.029850746268656716,0.05263157894736842,0.06451612903225806,0.052619621990442865,0.005351392502310759,82.5,0,117,91,38,31,0.12903225806451613
train_0138,train,4,0.24390243902439024,0.1388888888888889,0.25,0.23809523809523808,0.039091703399461046,0.20481073562492919,1,1,23,62,20,21,0.3333333333333333
train_0139,train,5,0.17647058823529413,0.0967741935483871,0.2,0.15789473684210525,0.043255766205033276,0.13321482203026086,2,0,78,106,30,38,0.2391304347826087
train_0140,train,3,0.15384615384615385,0.08333333333333333,0.16666666666666666,0.14285714285714285,0.02551761775178745,0.1283285360943664,4,0,12,39,12,14,0.125
train_0141,train,5,0.08450704225352113,0.04411764705882353,0.06382978723404255,0.125,0.049816784165032144,0.03469025808848898,45,0,105,36,47,24,0.12631578947368421
train_0142,train,4,0.2677165354330709,0.15454545454545454,0.26153846153846155,0.27419354838709675,0.040159074085233996,0.2275574613478369,1,1,107,110,65,62,0.31137724550898205
train_0143,train,4,0.13186813186813187,0.07058823529411765,0.1016949152542373,0.1875,0.042273383422637235,0.08959474844549464,4,0,131,84,59,32,0.2222222222222222
train_0144,train,3,0.046875,0.024,0.02830188679245283,0.13636363636363635,0.035741570465795396,0.011133429534204604,65,0,246,25,106,22,0.07741935483870968
train_0145,train,1,0.20253164556962025,0.11267605633802817,0.21052631578947367,0.1951219512195122,0.060687300657205415,0.14184434491241482,1,1,114,122,38,41,0.26785714285714285
train_0146,train,4,0.10526315789473684,0.05555555555555555,0.061224489795918366,0.375,0.07185359616035056,0.03340956173438628,46.5,0,113,8,49,8,0.08571428571428572
train_0147,train,5,0.11688311688311688,0.06206896551724138,0.09,0.16666666666666666,0.05377091640906968,0.0631122004740472,9,0,281,134,100,54,0.2723404255319149
train_0148,train,4,0.27586206896551724,0.16,0.42105263157894735,0.20512820512820512,0.04514033650118776,0.23072173246432948,1,1,65,101,19,39,0.26506024096385544
train_0149,train,5,0.04,0.02040816326530612,0.03571428571428571,0.045454545454545456,0.04931910557740242,-0.009319105577402419,99.5,0,62,22,28,22,0.028985507246376812
train_0150,train,5,0.3252032520325203,0.1941747572815534,0.26666666666666666,0.4166666666666667,0.07319172289298019,0.2520115291395401,1,1,170,149,75,48,0.3712574850299401
