id,matched_dice,n_matches,own_dice
dev_0001,0.02989637838998205,11,0.05853658536585366
dev_0002,0.05729768527536572,36,0.13953488372093023
dev_0003,0.04762895091312398,35,0.07692307692307693
dev_0004,0.026690285075859948,38,0.07142857142857142
dev_0005,0.09055359930715365,40,0.4186046511627907
dev_0006,0.02865682640148719,25,0.15384615384615383
dev_0007,0.03248319214566765,24,0.171875
dev_0008,0.03709422807136886,56,0.1951219512195122
dev_0009,0.07072696280632175,55,0.24444444444444444
dev_0010,0.08829865483997108,55,0.15789473684210523
dev_0011,0.07002085825202754,18,0.14634146341463414
dev_0012,0.034186547760170424,31,0.22950819672131148
dev_0013,0.04869015793253508,13,0.1509433962264151
dev_0014,0.07967851819051233,32,0.19230769230769232
dev_0015,0.09011038949058074,57,0.28
dev_0016,0.06330946289321353,55,0.07407407407407407
dev_0017,0.07348104276537908,48,0.208955223880597
dev_0018,0.08128505040070444,40,0.06896551724137931
dev_0019,0.0584224775296899,35,0.07692307692307693
dev_0020,0.05583922789530845,41,0.2222222222222222
dev_0021,0.08909411247550285,17,0.32142857142857145
dev_0022,0.03835610324037308,48,0.17391304347826086
dev_0023,0.03615907599523501,36,0.10126582278481013
dev_0024,0.10168343073443604,28,0.2916666666666667
dev_0025,0.014208839920841383,40,0.0303030303030303
dev_0026,0.06941262368623259,38,0.13138686131386862
dev_0027,0.06473784362625776,32,0.14754098360655735
dev_0028,0.06750226194990025,56,0.1686746987951807
dev_0029,0.06654231063087918,37,0.34615384615384615
dev_0030,0.05266509727134121,36,0.12857142857142856
dev_0031,0.037112819342767105,35,0.16326530612244897
dev_0032,0.0016431051587301587,48,0.05405405405405406
dev_0033,0.05295329076069497,57,0.08695652173913043
dev_0034,0.037783690346326046,36,0.4
dev_0035,0.048449836782534,57,0.23376623376623376
dev_0036,0.08794916696851278,32,0.3956043956043956
dev_0037,0.04102706246002086,31,0.09859154929577464
dev_0038,0.044073267212628865,38,0.0611353711790393
dev_0039,0.017473152462213964,22,0.11428571428571428
dev_0040,0.049378582506236765,25,0.04081632653061224
dev_0041,0.040679298303729065,37,0.16666666666666666
dev_0042,0.0497487279151574,36,0.03225806451612903
dev_0043,0.07263584358977594,32,0.15384615384615383
dev_0044,0.04527070873382973,36,0.05
dev_0045,0.07086512042927823,32,0.20689655172413793
dev_0046,0.06420085345992844,16,0.2553191489361702
dev_0047,0.05201776490704593,22,0.13333333333333333
dev_0048,0.05703699026188433,32,0.3636363636363637
dev_0049,0.07037560478201257,38,0.19801980198019803
dev_0050,0.0403712828275791,37,0.10126582278481013
train_0001,0.06497333261956548,55,0.10526315789473684
train_0002,0.09522692266220097,57,0.3
train_0003,0.02734996112140223,31,0.14634146341463414
train_0004,0.06714250353395869,17,0.1176470588235294
train_0005,0.05304892773992554,63,0.13043478260869565
train_0006,0.04547351219017319,58,0.13186813186813187
train_0007,0.05151023180246777,23,0.2018348623853211
train_0008,0.048245216545912,42,0.22641509433962265
train_0009,0.05517582302314208,58,0.1939393939393939
train_0010,0.08785765945083683,24,0.34146341463414637
train_0011,0.02468541293755261,37,0.13953488372093023
train_0012,0.04583985527289867,55,0.24561403508771928
train_0013,0.05352623844623695,29,0.19672131147540983
train_0014,0.061201914778245686,38,0.2978723404255319
train_0015,0.02054750249134553,34,0.05063291139240506
train_0016,0.020393241855099227,24,0
train_0017,0.034991228453660664,42,0.04761904761904761
train_0018,0.047164586410110176,55,0.2085889570552147
train_0019,0.05555247891587966,37,0.12121212121212122
train_0020,0.02955701928240534,37,0.1
train_0021,0.10637162312645444,55,0.3
train_0022,0.06956457381219115,40,0.24242424242424243
train_0023,0.042427091390596625,36,0.1807909604519774
train_0024,0.03244408076299521,28,0.2978723404255319
train_0025,0.06724615208475714,21,0.2247191011235955
train_0026,0.038194919334009765,53,0.16326530612244897
train_0027,0.06799790565627244,32,0.29213483146067415
train_0028,0.06148649074329876,56,0.08695652173913043
train_0029,0.047027295892955207,36,0.15384615384615383
train_0030,0.05665527803020575,59,0.12244897959183672
train_0031,0.04988160060466428,57,0.21311475409836064
train_0032,0.048933916665339056,25,0.05714285714285714
train_0033,0.03441572490263417,35,0.5454545454545454
train_0034,0.048394099320537905,28,0.24096385542168677
train_0035,0.044219565134458926,28,0.25742574257425743
train_0036,0.06451326747365631,34,0.08888888888888889
train_0037,0.0849079586801801,26,0.08163265306122448
train_0038,0.03582124916408219,55,0.1774193548387097
train_0039,0.08885675515108221,37,0.23157894736842105
train_0040,0.039630410521469386,26,0.15730337078651685
train_0041,0.0956332498749466,28,0.4126984126984127
train_0042,0.034245752841804415,38,0.04761904761904761
train_0043,0.04754636270881078,35,0.2564102564102564
train_0044,0.0864655876736881,38,0.42424242424242425
train_0045,0.056062627604758844,23,0.16326530612244897
train_0046,0.07866617409458015,38,0.22641509433962265
train_0047,0.06064924477457043,38,0.4067796610169492
train_0048,0.057905336447659786,36,0.1935483870967742
train_0049,0.053222960071268095,16,0.07142857142857142
train_0050,0.08071049289200585,18,0.14925373134328357
train_0051,0.08108681142136719,32,0.08450704225352113
train_0052,0.045566383830841446,31,0.06349206349206349
train_0053,0.039981076090618885,18,0.05714285714285714
train_0054,0.059476357910968156,26,0
train_0055,0.041791855767773195,32,0
train_0056,0.07317493714873138,31,0.09523809523809525
train_0057,0.04216428366801895,56,0
train_0058,0.05063402346943788,35,0.3333333333333333
train_0059,0.05123694518453034,33,0.20408163265306123
train_0060,0.06721515195565589,56,0.19130434782608696
train_0061,0.045818165128183375,25,0.09615384615384616
train_0062,0.04632033897405313,28,0.05128205128205128
train_0063,0.06810137795073785,38,0.17142857142857143
train_0064,0.0657359453364712,55,0.30434782608695654
train_0065,0.0726769020018819,41,0.202020202020202
train_0066,0.02352982002697334,53,0.17391304347826086
train_0067,0.052076468772669124,42,0.15873015873015872
train_0068,0.08142844028950295,28,0.3137254901960784
train_0069,0.05786136826839204,47,0.18604651162790695
train_0070,0.07674885402908811,38,0.3218390804597701
train_0071,0.047899629609367396,42,0.1320754716981132
train_0072,0.057153072676346874,55,0
train_0073,0.05988454124831497,36,0.16666666666666666
train_0074,0.06592003817945068,22,0.17333333333333334
train_0075,0.0481202569150182,37,0.02197802197802198
train_0076,0.09563285505146774,38,0.10344827586206896
train_0077,0.08020317217915819,17,0.205607476635514
train_0078,0.04789148488711142,57,0.13793103448275862
train_0079,0.03495037374250572,30,0.12121212121212122
train_0080,0.0672192799223443,26,0.34615384615384615
train_0081,0.04265800100553957,36,0.3703703703703703
train_0082,0.047816592533062835,58,0.35
train_0083,0.08911612271062498,38,0.16279069767441862
train_0084,0.03121300953075835,28,0
train_0085,0.025526085043702948,30,0.02564102564102564
train_0086,0.03161740738591841,35,0.425531914893617
train_0087,0.041562001941002485,18,0.13953488372093023
train_0088,0.10382544550617223,63,0.14173228346456693
train_0089,0.06649624677506942,55,0.14814814814814814
train_0090,0.05190099549823998,57,0.12080536912751678
train_0091,0.04787771983675178,18,0.08333333333333333
train_0092,0.040152554284991024,37,0.02439024390243902
train_0093,0.03320998251282385,36,0.09302325581395347
train_0094,0.061232143680641095,53,0.16393442622950818
train_0095,0.03429319549457633,31,0.0847457627118644
train_0096,0.06328533416622519,31,0.10256410256410256
train_0097,0.0704448145625023,30,0.34285714285714286
train_0098,0.04453062461183688,28,0
train_0099,0.02635422949713201,37,0.08130081300813008
train_0100,0.059838511761621985,55,0.2
train_0101,0.04701349413051598,43,0.03389830508474576
train_0102,0.05274533405081853,23,0
train_0103,0.10428477204745853,21,0.2682926829268293
train_0104,0.04689528051681435,35,0.125
train_0105,0.053999956901666264,24,0.19428571428571428
train_0106,0.0358282018754817,43,0.18181818181818185
train_0107,0.032149355987352676,31,0.04878048780487805
train_0108,0.07944762663888155,59,0.13333333333333333
train_0109,0.03554799701325718,38,0
train_0110,0.06396463186024796,57,0.22857142857142856
train_0111,0.05826061710379884,38,0.2058823529411765
train_0112,0.05570222897776202,53,0.20481927710843373
train_0113,0.04918720577953525,38,0.1917808219178082
train_0114,0.07376469684386068,58,0.15789473684210523
train_0115,0.05501753784672224,27,0.0916030534351145
train_0116,0.02029036463942545,35,0
train_0117,0.11080606154193033,55,0.32558139534883723
train_0118,0.043122602713524645,42,0.13846153846153847
train_0119,0.04122904182228324,32,0.09375
train_0120,0.09686446971177251,58,0.1724137931034483
train_0121,0.08659228227179497,36,0.20618556701030927
train_0122,0.05300609774415267,53,0.20833333333333337
train_0123,0.024489946361311635,36,0.04705882352941176
train_0124,0.016973826012163986,14,0.06666666666666667
train_0125,0.0215394813562208,32,0
train_0126,0.03461302090973031,58,0.12121212121212122
train_0127,0.09762274541988715,48,0.3333333333333333
train_0128,0.05225614398268515,35,0.02597402597402597
train_0129,0.056442738585846614,55,0.1951219512195122
train_0130,0.07737451992863804,31,0.24489795918367344
train_0131,0.06576872192895959,58,0.22857142857142856
train_0132,0.06318935737859423,36,0.1153846153846154
train_0133,0.09200722925306157,24,0.075
train_0134,0.047263891506621455,38,0.1176470588235294
train_0135,0.054272575068297364,56,0.15053763440860216
train_0136,0.0468244154635529,30,0.06666666666666667
train_0137,0.06227774076282995,36,0.05797101449275362
train_0138,0.03443253713110433,24,0.24390243902439024
train_0139,0.055726177665445166,53,0.17647058823529413
train_0140,0.024226713613404782,33,0.15384615384615383
train_0141,0.054578444585248076,55,0.08450704225352113
train_0142,0.02392402855835231,8,0.2677165354330709
train_0143,0.04180850800397297,16,0.13186813186813187
train_0144,0.03740500738384703,53,0.046875
train_0145,0.061252089105976695,31,0.20253164556962025
train_0146,0.06329666593731846,23,0.10526315789473684
train_0147,0.06747802268262895,35,0.11688311688311688
train_0148,0.061171237556136064,36,0.27586206896551724
train_0149,0.05371446866774561,56,0.04
train_0150,0.0771940456245657,57,0.3252032520325203
