id,population,transition,vocab,coverage
dev_0001,0.06822113065216438,0.06998363132427493,100,0.16279069767441862
dev_0002,0.11431384588395246,0.11268937289115476,100,0.40625
dev_0003,0.05298934257269418,0.05951458420248474,100,0.16666666666666666
dev_0004,0.05762510416209815,0.05599583452919954,100,0.46153846153846156
dev_0005,0.08265821674487961,0.06681215181953179,100,0.42857142857142855
dev_0006,0.03855225647997895,0.03350452032207427,100,0.3333333333333333
dev_0007,0.05894960747335643,0.06312613281131572,100,0.12280701754385964
dev_0008,0.0707376869435551,0.06577103149438562,100,0.35
dev_0009,0.14279066707600543,0.13608037311945978,100,0.4358974358974359
dev_0010,0.12279066707600544,0.12237712021474542,100,0.42105263157894735
dev_0011,0.08702907767203193,0.08317353070024867,100,0.20930232558139536
dev_0012,0.1112674882680584,0.10295856175106778,100,0.3870967741935484
dev_0013,0.08755887899653524,0.08646528877956425,100,0.1694915254237288
dev_0014,0.12000921012236306,0.1197292553819525,100,0.22950819672131148
dev_0015,0.10848603131441603,0.09476103655903749,100,0.52
dev_0016,0.07312179290382001,0.06991606858111292,100,0.2222222222222222
dev_0017,0.10716152800315776,0.0993107383176155,100,0.41935483870967744
dev_0018,0.07789000482434981,0.07821262025627529,100,0.3103448275862069
dev_0019,0.06583702469189948,0.07300731572471618,100,0.20689655172413793
dev_0020,0.08265821674487961,0.07590082252907648,100,0.38461538461538464
dev_0021,0.07126748826805841,0.05425200235810332,100,0.3333333333333333
dev_0022,0.06782377965878689,0.06788353558915644,100,0.3181818181818182
dev_0023,0.06742642866540942,0.06829118284232277,100,0.13793103448275862
dev_0024,0.08769132932766106,0.07091081333094075,100,0.47619047619047616
dev_0025,0.08663172667865444,0.08801218637065497,100,0.2127659574468085
dev_0026,0.17126748826805843,0.1708828860212146,100,0.2441860465116279
dev_0027,0.18265821674487961,0.1687204356731083,100,0.23469387755102042
dev_0028,0.10053901144686636,0.09652258262233178,100,0.34285714285714286
dev_0029,0.07894960747335643,0.06220942343148425,100,0.32
dev_0030,0.12583702469189947,0.12419122000449777,100,0.27586206896551724
dev_0031,0.0916648392614359,0.0777715240975854,100,0.5555555555555556
dev_0032,0.05219464058593921,0.04842973583729517,100,0.16129032258064516
dev_0033,0.10159861409587298,0.10548757642360988,100,0.44
dev_0034,0.08252576641375378,0.07070914324345128,100,0.391304347826087
dev_0035,0.09656550151309153,0.08561046106780051,100,0.3055555555555556
dev_0036,0.15775755449322398,0.1283494046724687,100,0.425531914893617
dev_0037,0.12822113065216437,0.12592321800318096,100,0.22727272727272727
dev_0038,0.07841980614885312,0.09529726522548894,100,0.14545454545454545
dev_0039,0.06901583263891935,0.06893972548917744,100,0.32
dev_0040,0.02875093197666769,0.027181229610027616,100,0.125
dev_0041,0.06742642866540942,0.06090082831755353,100,0.1590909090909091
dev_0042,0.03881715714223061,0.050017761571524044,100,0.4444444444444444
dev_0043,0.11139993859918425,0.10661804289859217,100,0.41935483870967744
dev_0044,0.12530722336739616,0.13082125304010647,100,0.625
dev_0045,0.11444629621507829,0.11205961779122338,100,0.22580645161290322
dev_0046,0.052194640585939214,0.04389472240081503,100,0.21739130434782608
dev_0047,0.031929739923687556,0.031202402014263927,100,0.12
dev_0048,0.09179728959256173,0.06944957496835617,100,0.35714285714285715
dev_0049,0.12371781939388624,0.1151499786863608,100,0.28
dev_0050,0.07709530283759485,0.07773384951874372,100,0.2222222222222222
