population,transition,improvement,seed
0.08822077412988157,0.0834067994317072,0.004813974698174364,20260926
0.08918569360963706,0.08460916628258479,0.004576527327052271,20260927
0.08857518876553393,0.08384759288569742,0.00472759587983651,20260928
0.08916165743795657,0.08438798415488306,0.004773673283073501,20260929
0.08757936907516266,0.0829049431834431,0.004674425891719555,20260930
0.08858252388283792,0.08396843547676132,0.004614088406076605,20260931
0.08796512296728198,0.08333418436367396,0.004630938603608026,20260932
0.08815235891299503,0.08334951230087942,0.004802846612115608,20260933
0.08786431083295625,0.08307767771768246,0.004786633115273789,20260934
0.08801627213455805,0.08313547159101443,0.0048808005435436175,20260935
0.08838293780040135,0.08369410902406306,0.004688828776338291,20260936
0.08895859775839159,0.0840636093182595,0.0048949884401320864,20260937
0.08808278703628555,0.08320956502568592,0.004873222010599629,20260938
0.08841122917863077,0.08373391213271399,0.0046773170459167845,20260939
0.08812060914284196,0.08360044278323923,0.004520166359602729,20260940
0.0886700144811889,0.08402959479587464,0.0046404196853142565,20260941
0.08896265269456873,0.08410207930623924,0.004860573388329487,20260942
0.08830622736359597,0.08375665305261616,0.004549574310979812,20260943
0.0881178246742635,0.0833614278635657,0.004756396810697797,20260944
0.0882751293006226,0.08382690085023599,0.004448228450386615,20260945
