method,name,estimate,lower,upper,n
generic_medoid,all_word_dice,0.15860392192211467,0.1482738384338514,0.16935597681179745,200
generic_medoid,dice,0.08740510722402908,0.07781714940756465,0.09767252548244494,200
generic_medoid,jaccard,0.04722908777397856,0.04170543977557571,0.053011108933781574,200
generic_medoid,tfidf_cosine,0.06514753951384475,0.05732787014159893,0.07339151761619618,200
generic_medoid,word_count_error,45.64,40.82,50.6555,200
nearest_neighbor,all_word_dice,0.13802804362820575,0.12785624469599757,0.14797607058974746,200
nearest_neighbor,dice,0.06318900535218468,0.055610258343488775,0.07100273082017261,200
nearest_neighbor,jaccard,0.033534508380887416,0.029387946645546885,0.0378863367305367,200
nearest_neighbor,tfidf_cosine,0.05234864061480997,0.045603552633634976,0.059887460760808905,200
nearest_neighbor,word_count_error,65.135,58.134375,72.32525,200
repeat,all_word_dice,0.23584317819893785,0.2202835566047985,0.251587681393276,200
repeat,dice,0.16482237563894916,0.15025537491074775,0.17907145433358734,200
repeat,jaccard,0.09351964530822882,0.08480990170399126,0.1026412868486655,200
repeat,tfidf_cosine,0.15876190293697157,0.1437768323144218,0.17444835045631923,200
repeat,word_count_error,55.205,47.399874999999994,63.705124999999995,200
