id,fold,method,donor_id,dice,jaccard,precision,recall,all_word_dice,tfidf_cosine,word_count_error
dev_0013,1,repeat,dev_0013,0.1509433962264151,0.08163265306122448,0.1702127659574468,0.13559322033898305,0.2822085889570552,0.12297811974341274,5
dev_0015,1,repeat,dev_0015,0.28,0.16279069767441862,0.28,0.28,0.40625,0.2599118013247793,29
dev_0018,1,repeat,dev_0018,0.06896551724137931,0.03571428571428571,0.06896551724137931,0.06896551724137931,0.28,0.04914225367723255,23
dev_0021,1,repeat,dev_0021,0.32142857142857145,0.19148936170212766,0.3103448275862069,0.3333333333333333,0.4057971014492754,0.29217865507652363,11
dev_0022,1,repeat,dev_0022,0.17391304347826086,0.09523809523809523,0.16666666666666666,0.18181818181818182,0.17391304347826086,0.20625464323651818,2
dev_0029,1,repeat,dev_0029,0.34615384615384615,0.20930232558139536,0.3333333333333333,0.36,0.4126984126984127,0.32175467299851435,11
dev_0031,1,repeat,dev_0031,0.16326530612244897,0.08888888888888889,0.12903225806451613,0.2222222222222222,0.3125,0.10085513069567471,53
dev_0032,1,repeat,dev_0032,0.05405405405405406,0.027777777777777776,0.16666666666666666,0.03225806451612903,0.19230769230769232,0,66
dev_0034,1,repeat,dev_0034,0.4,0.25,0.4090909090909091,0.391304347826087,0.41509433962264153,0.4784605009217271,43
dev_0041,1,repeat,dev_0041,0.16666666666666666,0.09090909090909091,0.21428571428571427,0.13636363636363635,0.25925925925925924,0.12095291615193915,34
dev_0042,1,repeat,dev_0042,0.03225806451612903,0.01639344262295082,0.018867924528301886,0.1111111111111111,0.18181818181818182,0.020830637440163922,133
dev_0045,1,repeat,dev_0045,0.20689655172413793,0.11538461538461539,0.2222222222222222,0.1935483870967742,0.2545454545454545,0.20431426221456322,35
dev_0049,1,repeat,dev_0049,0.19801980198019803,0.10989010989010989,0.19607843137254902,0.2,0.2913907284768212,0.2000343851708526,18
train_0011,1,repeat,train_0011,0.13953488372093023,0.075,0.15,0.13043478260869565,0.1016949152542373,0.1523628488616947,30
train_0014,1,repeat,train_0014,0.2978723404255319,0.175,0.3181818181818182,0.28,0.36065573770491804,0.1849511343539813,22
train_0015,1,repeat,train_0015,0.05063291139240506,0.025974025974025976,0.1111111111111111,0.03278688524590164,0.07339449541284404,0.061286184472710316,77
train_0017,1,repeat,train_0017,0.047619047619047616,0.024390243902439025,0.043478260869565216,0.05263157894736842,0.057971014492753624,0.07412985455236623,50
train_0021,1,repeat,train_0021,0.3,0.17647058823529413,0.3103448275862069,0.2903225806451613,0.36363636363636365,0.2840696323359857,5
train_0034,1,repeat,train_0034,0.24096385542168675,0.136986301369863,0.2564102564102564,0.22727272727272727,0.31932773109243695,0.23552526950380573,28
train_0038,1,repeat,train_0038,0.1774193548387097,0.09734513274336283,0.171875,0.18333333333333332,0.2484472049689441,0.2142377362576514,4
train_0042,1,repeat,train_0042,0.047619047619047616,0.024390243902439025,0.030303030303030304,0.1111111111111111,0.2597402597402597,0,66
train_0045,1,repeat,train_0045,0.16326530612244897,0.08888888888888889,0.2222222222222222,0.12903225806451613,0.2535211267605634,0.14488456233691394,55
train_0050,1,repeat,train_0050,0.14925373134328357,0.08064516129032258,0.1724137931034483,0.13157894736842105,0.2912621359223301,0.12616401637291755,4
train_0051,1,repeat,train_0051,0.08450704225352113,0.04411764705882353,0.14285714285714285,0.06,0.14,0.07277431607458403,114
train_0056,1,repeat,train_0056,0.09523809523809523,0.05,0.14285714285714285,0.07142857142857142,0.075,0.10328781717653125,88
train_0070,1,repeat,train_0070,0.3218390804597701,0.1917808219178082,0.34146341463414637,0.30434782608695654,0.35772357723577236,0.385736867507831,12
train_0073,1,repeat,train_0073,0.16666666666666666,0.09090909090909091,0.2857142857142857,0.11764705882352941,0.22900763358778625,0.15103099768036432,76
train_0074,1,repeat,train_0074,0.17333333333333334,0.0948905109489051,0.203125,0.1511627906976744,0.24271844660194175,0.15794823747633963,33
train_0077,1,repeat,train_0077,0.205607476635514,0.11458333333333333,0.1864406779661017,0.22916666666666666,0.304635761589404,0.20888012375500267,29
train_0081,1,repeat,train_0081,0.37037037037037035,0.22727272727272727,0.38461538461538464,0.35714285714285715,0.35714285714285715,0.42196255223368995,22
train_0092,1,repeat,train_0092,0.024390243902439025,0.012345679012345678,0.047619047619047616,0.01639344262295082,0.16129032258064516,0.03265729228488469,122
train_0099,1,repeat,train_0099,0.08130081300813008,0.0423728813559322,0.11363636363636363,0.06329113924050633,0.16049382716049382,0.1285526379342968,35
train_0104,1,repeat,train_0104,0.125,0.06666666666666667,0.25,0.08333333333333333,0.0970873786407767,0.1413180425735044,142
train_0111,1,repeat,train_0111,0.20588235294117646,0.11475409836065574,0.18421052631578946,0.23333333333333334,0.2828282828282828,0.22121762168259354,22
train_0114,1,repeat,train_0114,0.15789473684210525,0.08571428571428572,0.1125,0.2647058823529412,0.1910828025477707,0.15294930613740942,138
train_0122,1,repeat,train_0122,0.20833333333333334,0.11627906976744186,0.25,0.17857142857142858,0.3076923076923077,0.13101952133756437,59
train_0124,1,repeat,train_0124,0.06666666666666667,0.034482758620689655,0.25,0.038461538461538464,0.10309278350515463,0.029512361489496913,129
train_0127,1,repeat,train_0127,0.3333333333333333,0.2,0.375,0.3,0.3448275862068966,0.2813957604378318,12
train_0131,1,repeat,train_0131,0.22857142857142856,0.12903225806451613,0.17391304347826086,0.3333333333333333,0.2913907284768212,0.26490044411729763,93
train_0145,1,repeat,train_0145,0.20253164556962025,0.11267605633802817,0.21052631578947367,0.1951219512195122,0.26785714285714285,0.20120338344875638,8
dev_0013,1,nearest_neighbor,train_0113,0.02127659574468085,0.010752688172043012,0.02857142857142857,0.01694915254237288,0.15714285714285714,0.019497892336087678,67
dev_0015,1,nearest_neighbor,train_0010,0.044444444444444446,0.022727272727272728,0.05,0.04,0.10714285714285714,0.029853280565061868,39
dev_0018,1,nearest_neighbor,train_0102,0,0,0,0,0.07547169811320754,0,92
dev_0021,1,nearest_neighbor,dev_0027,0.064,0.03305785123966942,0.04081632653061224,0.14814814814814814,0.10285714285714286,0.0623322632229045,168
dev_0022,1,nearest_neighbor,train_0026,0.038461538461538464,0.0196078431372549,0.03333333333333333,0.045454545454545456,0.038461538461538464,0.056970646543153106,9
dev_0029,1,nearest_neighbor,train_0116,0.031746031746031744,0.016129032258064516,0.02631578947368421,0.04,0.09302325581395349,0.018970848862983076,5
dev_0031,1,nearest_neighbor,train_0148,0.07017543859649122,0.03636363636363636,0.05128205128205128,0.1111111111111111,0.20253164556962025,0.05762471790575974,61
dev_0032,1,nearest_neighbor,train_0053,0,0,0,0,0.08,0,31
dev_0034,1,nearest_neighbor,train_0047,0.1568627450980392,0.0851063829787234,0.14285714285714285,0.17391304347826086,0.26229508196721313,0.15536214311853808,10
dev_0041,1,nearest_neighbor,train_0112,0.09210526315789473,0.04827586206896552,0.06481481481481481,0.1590909090909091,0.19811320754716982,0.09103805835596818,165
dev_0042,1,nearest_neighbor,dev_0003,0,0,0,0,0.15625,0,46
dev_0045,1,nearest_neighbor,train_0119,0.02531645569620253,0.01282051282051282,0.058823529411764705,0.016129032258064516,0.11475409836065574,0.038292898500181374,123
dev_0049,1,nearest_neighbor,train_0035,0.06451612903225806,0.03333333333333333,0.06976744186046512,0.06,0.15942028985507245,0.039220819994560674,45
train_0011,1,nearest_neighbor,train_0129,0,0,0,0,0.125,0,21
train_0014,1,nearest_neighbor,train_0083,0.08333333333333333,0.043478260869565216,0.06382978723404255,0.12,0.16161616161616163,0.06489742017604411,17
train_0015,1,nearest_neighbor,train_0129,0.04878048780487805,0.025,0.09523809523809523,0.03278688524590164,0.10714285714285714,0.04895811347259525,108
train_0017,1,nearest_neighbor,train_0003,0,0,0,0,0.044444444444444446,0,15
train_0021,1,nearest_neighbor,train_0097,0.09090909090909091,0.047619047619047616,0.15384615384615385,0.06451612903225806,0.2222222222222222,0.06984942589784672,32
train_0034,1,nearest_neighbor,train_0107,0,0,0,0,0.13861386138613863,0,58
train_0038,1,nearest_neighbor,dev_0035,0.0625,0.03225806451612903,0.08333333333333333,0.05,0.11475409836065574,0.06667554918010027,14
train_0042,1,nearest_neighbor,train_0090,0.047058823529411764,0.024096385542168676,0.02631578947368421,0.2222222222222222,0.16260162601626016,0.04786715903162447,140
train_0045,1,nearest_neighbor,train_0135,0.08264462809917356,0.04310344827586207,0.0847457627118644,0.08064516129032258,0.20118343195266272,0.08280845374354037,38
train_0050,1,nearest_neighbor,train_0118,0.09523809523809523,0.05,0.06818181818181818,0.15789473684210525,0.17777777777777778,0.0826613515274996,109
train_0051,1,nearest_neighbor,train_0010,0.02857142857142857,0.014492753623188406,0.05,0.02,0.08080808080808081,0.025091425497190074,115
train_0056,1,nearest_neighbor,train_0080,0.1095890410958904,0.057971014492753624,0.12903225806451613,0.09523809523809523,0.2,0.07024960852139732,13
train_0070,1,nearest_neighbor,train_0097,0.06779661016949153,0.03508771929824561,0.15384615384615385,0.043478260869565216,0.20689655172413793,0.04747345893163662,70
train_0073,1,nearest_neighbor,train_0089,0.022222222222222223,0.011235955056179775,0.045454545454545456,0.014705882352941176,0.0967741935483871,0.011689260894253234,57
train_0074,1,nearest_neighbor,train_0052,0,0,0,0,0,0,148
train_0077,1,nearest_neighbor,dev_0010,0.13953488372093023,0.075,0.15789473684210525,0.125,0.2222222222222222,0.08131181677088925,58
train_0081,1,nearest_neighbor,train_0039,0.17721518987341772,0.09722222222222222,0.13725490196078433,0.25,0.13592233009708737,0.19427792109771005,123
train_0092,1,nearest_neighbor,dev_0012,0.06521739130434782,0.033707865168539325,0.0967741935483871,0.04918032786885246,0.16793893129770993,0.07993422745907114,100
train_0099,1,nearest_neighbor,train_0095,0.014705882352941176,0.007407407407407408,0.017543859649122806,0.012658227848101266,0.11299435028248588,0.015922747399264216,36
train_0104,1,nearest_neighbor,train_0138,0,0,0,0,0.05555555555555555,0,100
train_0111,1,nearest_neighbor,train_0112,0.028985507246376812,0.014705882352941176,0.018518518518518517,0.06666666666666667,0.12154696132596685,0.018964833949531707,191
train_0114,1,nearest_neighbor,train_0078,0.05128205128205128,0.02631578947368421,0.045454545454545456,0.058823529411764705,0.08080808080808081,0.02770611443467473,9
train_0122,1,nearest_neighbor,dev_0020,0.1111111111111111,0.058823529411764705,0.11538461538461539,0.10714285714285714,0.2222222222222222,0.0669662033621996,44
train_0124,1,nearest_neighbor,dev_0048,0.025,0.012658227848101266,0.03571428571428571,0.019230769230769232,0.14754098360655737,0,51
train_0127,1,nearest_neighbor,train_0103,0.13953488372093023,0.075,0.10714285714285714,0.2,0.14285714285714285,0.09977866559104105,85
train_0131,1,nearest_neighbor,train_0007,0.10989010989010989,0.05813953488372093,0.09090909090909091,0.1388888888888889,0.20634920634920634,0.12229554916027867,50
train_0145,1,nearest_neighbor,train_0130,0.05714285714285714,0.029411764705882353,0.06896551724137931,0.04878048780487805,0.14,0.06566996342941903,43
dev_0013,1,generic_medoid,train_0089,0.024691358024691357,0.0125,0.045454545454545456,0.01694915254237288,0.08695652173913043,0.008481865715140187,76
dev_0015,1,generic_medoid,train_0089,0.2553191489361702,0.14634146341463414,0.2727272727272727,0.24,0.29508196721311475,0.18266988023734956,28
dev_0018,1,generic_medoid,train_0089,0.0784313725490196,0.04081632653061224,0.09090909090909091,0.06896551724137931,0.18181818181818182,0.03245691692701023,6
dev_0021,1,generic_medoid,train_0089,0.24489795918367346,0.13953488372093023,0.2727272727272727,0.2222222222222222,0.32786885245901637,0.1490810274464547,2
dev_0022,1,generic_medoid,train_0089,0.09090909090909091,0.047619047619047616,0.09090909090909091,0.09090909090909091,0.0784313725490196,0.06274021461998042,69
dev_0029,1,generic_medoid,train_0089,0,0,0,0,0.13793103448275862,0,8
dev_0031,1,generic_medoid,train_0089,0.05,0.02564102564102564,0.045454545454545456,0.05555555555555555,0.18518518518518517,0.041056822443088274,51
dev_0032,1,generic_medoid,train_0089,0,0,0,0,0.12121212121212122,0,5
dev_0034,1,generic_medoid,train_0089,0.044444444444444446,0.022727272727272728,0.045454545454545456,0.043478260869565216,0.1724137931034483,0.024534175200827665,5
dev_0041,1,generic_medoid,train_0089,0,0,0,0,0.08,0,26
dev_0042,1,generic_medoid,train_0089,0.06451612903225806,0.03333333333333333,0.045454545454545456,0.1111111111111111,0.2127659574468085,0.029861036064793515,71
dev_0045,1,generic_medoid,train_0089,0.023809523809523808,0.012048192771084338,0.045454545454545456,0.016129032258064516,0.12598425196850394,0.010665716182939527,56
dev_0049,1,generic_medoid,train_0089,0.027777777777777776,0.014084507042253521,0.045454545454545456,0.02,0.13333333333333333,0.012681247854126736,61
train_0011,1,generic_medoid,train_0089,0.044444444444444446,0.022727272727272728,0.045454545454545456,0.043478260869565216,0.14705882352941177,0.02458838694317271,41
train_0014,1,generic_medoid,train_0089,0.0851063829787234,0.044444444444444446,0.09090909090909091,0.08,0.1935483870967742,0.05234653939144077,10
train_0015,1,generic_medoid,train_0089,0.04819277108433735,0.024691358024691357,0.09090909090909091,0.03278688524590164,0.13793103448275862,0.04200087749836687,46
train_0017,1,generic_medoid,train_0089,0.04878048780487805,0.025,0.045454545454545456,0.05263157894736842,0.0392156862745098,0.0806382258412756,69
train_0021,1,generic_medoid,train_0089,0.1509433962264151,0.08163265306122448,0.18181818181818182,0.12903225806451613,0.25316455696202533,0.13900207761372138,19
train_0034,1,generic_medoid,train_0089,0.09090909090909091,0.047619047619047616,0.13636363636363635,0.06818181818181818,0.15217391304347827,0.05246980923885111,19
train_0038,1,generic_medoid,train_0089,0,0,0,0,0.056074766355140186,0,3
train_0042,1,generic_medoid,train_0089,0.06451612903225806,0.03333333333333333,0.045454545454545456,0.1111111111111111,0.16666666666666666,0.023146137272971372,70
train_0045,1,generic_medoid,train_0089,0.07142857142857142,0.037037037037037035,0.13636363636363635,0.04838709677419355,0.13559322033898305,0.037657242028067424,71
train_0050,1,generic_medoid,train_0089,0.06666666666666667,0.034482758620689655,0.09090909090909091,0.05263157894736842,0.16470588235294117,0.025255805084860642,19
train_0051,1,generic_medoid,train_0089,0.05555555555555555,0.02857142857142857,0.09090909090909091,0.04,0.15384615384615385,0.04391342914353352,48
train_0056,1,generic_medoid,train_0089,0.21875,0.12280701754385964,0.3181818181818182,0.16666666666666666,0.29545454545454547,0.16165193461159955,18
train_0070,1,generic_medoid,train_0089,0.08823529411764706,0.046153846153846156,0.13636363636363635,0.06521739130434782,0.14893617021276595,0.04161135826322314,19
train_0073,1,generic_medoid,train_0089,0.022222222222222223,0.011235955056179775,0.045454545454545456,0.014705882352941176,0.0967741935483871,0.011689260894253234,57
train_0074,1,generic_medoid,train_0089,0.05555555555555555,0.02857142857142857,0.13636363636363635,0.03488372093023256,0.09655172413793103,0.035881605069109736,95
train_0077,1,generic_medoid,train_0089,0.08571428571428572,0.04477611940298507,0.13636363636363635,0.0625,0.1875,0.048523071386728615,59
train_0081,1,generic_medoid,train_0089,0,0,0,0,0,0,63
train_0092,1,generic_medoid,train_0089,0.04819277108433735,0.024691358024691357,0.09090909090909091,0.03278688524590164,0.13333333333333333,0.025287790368164847,67
train_0099,1,generic_medoid,train_0089,0.019801980198019802,0.01,0.045454545454545456,0.012658227848101266,0.09022556390977443,0.011127203398107627,68
train_0104,1,generic_medoid,train_0089,0.0975609756097561,0.05128205128205128,0.18181818181818182,0.06666666666666667,0.14285714285714285,0.06367476866541083,71
train_0111,1,generic_medoid,train_0089,0.07692307692307693,0.04,0.09090909090909091,0.06666666666666667,0.2028985507246377,0.02742193725108483,0
train_0114,1,generic_medoid,train_0089,0.17857142857142858,0.09803921568627451,0.22727272727272727,0.14705882352941177,0.21052631578947367,0.11909758281743638,24
train_0122,1,generic_medoid,train_0089,0.24,0.13636363636363635,0.2727272727272727,0.21428571428571427,0.3333333333333333,0.1340395811236029,8
train_0124,1,generic_medoid,train_0089,0.02702702702702703,0.0136986301369863,0.045454545454545456,0.019230769230769232,0.10434782608695652,0.018271673965187776,50
train_0127,1,generic_medoid,train_0089,0.2692307692307692,0.15555555555555556,0.3181818181818182,0.23333333333333334,0.25806451612903225,0.18232483161393914,53
train_0131,1,generic_medoid,train_0089,0.034482758620689655,0.017543859649122806,0.045454545454545456,0.027777777777777776,0.1038961038961039,0.0151811943336754,3
train_0145,1,generic_medoid,train_0089,0.15873015873015872,0.08620689655172414,0.22727272727272727,0.12195121951219512,0.23655913978494625,0.0976212184249546,31
dev_0002,2,repeat,dev_0002,0.13953488372093023,0.075,0.1111111111111111,0.1875,0.2,0.11497054253984959,70
dev_0008,2,repeat,dev_0008,0.1951219512195122,0.10810810810810811,0.19047619047619047,0.2,0.1951219512195122,0.24176240138544555,1
dev_0011,2,repeat,dev_0011,0.14634146341463414,0.07894736842105263,0.15384615384615385,0.13953488372093023,0.1896551724137931,0.1391449695764675,29
dev_0016,2,repeat,dev_0016,0.07407407407407407,0.038461538461538464,0.06666666666666667,0.08333333333333333,0.06896551724137931,0.052580755012378286,86
dev_0033,2,repeat,dev_0033,0.08695652173913043,0.045454545454545456,0.09523809523809523,0.08,0.0851063829787234,0.10882672113384172,7
dev_0043,2,repeat,dev_0043,0.15384615384615385,0.08333333333333333,0.11666666666666667,0.22580645161290322,0.2706766917293233,0.15151769805005838,65
dev_0044,2,repeat,dev_0044,0.05,0.02564102564102564,0.0625,0.041666666666666664,0.18518518518518517,0.016424893198110187,49
dev_0046,2,repeat,dev_0046,0.2553191489361702,0.14634146341463414,0.25,0.2608695652173913,0.24,0.18713233888056868,52
train_0003,2,repeat,train_0003,0.14634146341463414,0.07894736842105263,0.10344827586206896,0.25,0.21428571428571427,0.1651047900311626,3
train_0016,2,repeat,train_0016,0,0,0,0,0.1111111111111111,0,32
train_0023,2,repeat,train_0023,0.1807909604519774,0.09937888198757763,0.18823529411764706,0.17391304347826086,0.33093525179856115,0.17588681453016458,30
train_0024,2,repeat,train_0024,0.2978723404255319,0.175,0.28,0.3181818181818182,0.2692307692307692,0.31478226287580535,64
train_0027,2,repeat,train_0027,0.29213483146067415,0.17105263157894737,0.2826086956521739,0.3023255813953488,0.3875968992248062,0.25546508654716854,7
train_0032,2,repeat,train_0032,0.05714285714285714,0.029411764705882353,0.047619047619047616,0.07142857142857142,0.25609756097560976,0.04694460257401014,51
train_0035,2,repeat,train_0035,0.25742574257425743,0.14772727272727273,0.22413793103448276,0.3023255813953488,0.34838709677419355,0.283179957585578,47
train_0039,2,repeat,train_0039,0.23157894736842105,0.13095238095238096,0.25,0.21568627450980393,0.3007518796992481,0.20427566180355522,25
train_0054,2,repeat,train_0054,0,0,0,0,0.16129032258064516,0,97
train_0061,2,repeat,train_0061,0.09615384615384616,0.050505050505050504,0.07042253521126761,0.15151515151515152,0.24705882352941178,0.09691678562871066,109
train_0063,2,repeat,train_0063,0.17142857142857143,0.09375,0.13636363636363635,0.23076923076923078,0.26666666666666666,0.09325649266245196,33
train_0064,2,repeat,train_0064,0.30434782608695654,0.1794871794871795,0.30434782608695654,0.30434782608695654,0.3018867924528302,0.31914676403849895,39
train_0069,2,repeat,train_0069,0.18604651162790697,0.10256410256410256,0.23529411764705882,0.15384615384615385,0.22413793103448276,0.1811929383532087,72
train_0075,2,repeat,train_0075,0.02197802197802198,0.011111111111111112,0.015873015873015872,0.03571428571428571,0.125,0.015591627904627176,80
train_0076,2,repeat,train_0076,0.10344827586206896,0.05454545454545454,0.1,0.10714285714285714,0.1111111111111111,0.08556511853104082,21
train_0079,2,repeat,train_0079,0.12121212121212122,0.06451612903225806,0.125,0.11764705882352941,0.36363636363636365,0.11413689310873132,8
train_0080,2,repeat,train_0080,0.34615384615384615,0.20930232558139536,0.42857142857142855,0.2903225806451613,0.2903225806451613,0.2807923019683959,74
train_0083,2,repeat,train_0083,0.16279069767441862,0.08860759493670886,0.1794871794871795,0.14893617021276595,0.25806451612903225,0.14591559291969808,4
train_0085,2,repeat,train_0085,0.02564102564102564,0.012987012987012988,0.043478260869565216,0.01818181818181818,0.144,0.030741415932891227,87
train_0087,2,repeat,train_0087,0.13953488372093023,0.075,0.10714285714285714,0.2,0.26582278481012656,0.1348515151774156,183
train_0094,2,repeat,train_0094,0.16393442622950818,0.08928571428571429,0.1388888888888889,0.2,0.15789473684210525,0.1322517150978143,62
train_0100,2,repeat,train_0100,0.2,0.1111111111111111,0.13333333333333333,0.4,0.16,0.3004279599861272,22
train_0107,2,repeat,train_0107,0.04878048780487805,0.025,0.07142857142857142,0.037037037037037035,0.12698412698412698,0.07067200020493838,23
train_0108,2,repeat,train_0108,0.13333333333333333,0.07142857142857142,0.15384615384615385,0.11764705882352941,0.22784810126582278,0.06752341770461248,24
train_0110,2,repeat,train_0110,0.22857142857142856,0.12903225806451613,0.18181818181818182,0.3076923076923077,0.25263157894736843,0.21163334069614034,20
train_0112,2,repeat,train_0112,0.20481927710843373,0.11409395973154363,0.29310344827586204,0.1574074074074074,0.2727272727272727,0.17615512813847525,145
train_0113,2,repeat,train_0113,0.1917808219178082,0.10606060606060606,0.18421052631578946,0.2,0.28846153846153844,0.15653223694640214,4
train_0116,2,repeat,train_0116,0,0,0,0,0.03333333333333333,0,75
train_0121,2,repeat,train_0121,0.20618556701030927,0.11494252873563218,0.20408163265306123,0.20833333333333334,0.2857142857142857,0.1561177804410744,5
train_0126,2,repeat,train_0126,0.12121212121212122,0.06451612903225806,0.11764705882352941,0.125,0.10810810810810811,0.11444839828822469,31
train_0132,2,repeat,train_0132,0.11538461538461539,0.061224489795918366,0.0967741935483871,0.14285714285714285,0.1388888888888889,0.08279317925112517,34
train_0133,2,repeat,train_0133,0.075,0.03896103896103896,0.08108108108108109,0.06976744186046512,0.2204724409448819,0.058901290135777315,18
dev_0002,2,nearest_neighbor,train_0141,0.07142857142857142,0.037037037037037035,0.08333333333333333,0.0625,0.1095890410958904,0.06429373309513581,10
dev_0008,2,nearest_neighbor,train_0026,0.08,0.041666666666666664,0.06666666666666667,0.1,0.08,0.08200695180089762,11
dev_0011,2,nearest_neighbor,train_0056,0.07058823529411765,0.036585365853658534,0.07142857142857142,0.06976744186046512,0.1322314049586777,0.05682877905054487,26
dev_0016,2,nearest_neighbor,train_0036,0.06382978723404255,0.03296703296703297,0.05172413793103448,0.08333333333333333,0.0625,0.06888176111145754,120
dev_0033,2,nearest_neighbor,train_0055,0,0,0,0,0,0,4
dev_0043,2,nearest_neighbor,dev_0047,0.10714285714285714,0.05660377358490566,0.12,0.0967741935483871,0.1839080459770115,0.05779615013343842,69
dev_0044,2,nearest_neighbor,train_0005,0.27450980392156865,0.1590909090909091,0.25925925925925924,0.2916666666666667,0.34285714285714286,0.20102259355467214,35
dev_0046,2,nearest_neighbor,dev_0027,0.06611570247933884,0.03418803418803419,0.04081632653061224,0.17391304347826086,0.08284023668639054,0.061349352978364594,181
train_0003,2,nearest_neighbor,dev_0027,0.05454545454545454,0.028037383177570093,0.030612244897959183,0.25,0.1566265060240964,0.04768283687531118,220
train_0016,2,nearest_neighbor,train_0101,0,0,0,0,0.05194805194805195,0,43
train_0023,2,nearest_neighbor,dev_0018,0.01652892561983471,0.008333333333333333,0.034482758620689655,0.010869565217391304,0.17346938775510204,0.01669637585748663,179
train_0024,2,nearest_neighbor,train_0140,0.05555555555555555,0.02857142857142857,0.07142857142857142,0.045454545454545456,0.047619047619047616,0.057084063375017396,16
train_0027,2,nearest_neighbor,train_0060,0.07692307692307693,0.04,0.08571428571428572,0.06976744186046512,0.21568627450980393,0.08035148583897635,62
train_0032,2,nearest_neighbor,train_0049,0,0,0,0,0.08888888888888889,0,24
train_0035,2,nearest_neighbor,dev_0049,0.06451612903225806,0.03333333333333333,0.06,0.06976744186046512,0.15942028985507245,0.04251717016834945,45
train_0039,2,nearest_neighbor,train_0146,0.03389830508474576,0.017241379310344827,0.125,0.0196078431372549,0.024096385542168676,0.03272788277299305,143
train_0054,2,nearest_neighbor,train_0125,0.05128205128205128,0.02631578947368421,0.029411764705882353,0.2,0.1875,0.07498604574827875,57
train_0061,2,nearest_neighbor,train_0090,0.05504587155963303,0.02830188679245283,0.039473684210526314,0.09090909090909091,0.2222222222222222,0.05552021614953742,70
train_0063,2,nearest_neighbor,dev_0005,0.058823529411764705,0.030303030303030304,0.047619047619047616,0.07692307692307693,0.22727272727272727,0.05479523614084056,35
train_0064,2,nearest_neighbor,train_0068,0.16,0.08695652173913043,0.14814814814814814,0.17391304347826086,0.1694915254237288,0.13161529497115299,47
train_0069,2,nearest_neighbor,dev_0036,0.04040404040404041,0.020618556701030927,0.0425531914893617,0.038461538461538464,0.1527777777777778,0.0284055915419582,10
train_0075,2,nearest_neighbor,train_0102,0,0,0,0,0,0,65
train_0076,2,nearest_neighbor,train_0135,0.022988505747126436,0.011627906976744186,0.01694915254237288,0.03571428571428571,0.1487603305785124,0.015444053913018337,69
train_0079,2,nearest_neighbor,train_0066,0,0,0,0,0.23376623376623376,0,53
train_0080,2,nearest_neighbor,train_0056,0.1095890410958904,0.057971014492753624,0.09523809523809523,0.12903225806451613,0.2,0.07412248155517531,13
train_0083,2,nearest_neighbor,train_0014,0.08333333333333333,0.043478260869565216,0.12,0.06382978723404255,0.16161616161616163,0.05367611358851265,17
train_0085,2,nearest_neighbor,train_0084,0,0,0,0,0.06521739130434782,0,132
train_0087,2,nearest_neighbor,train_0088,0.060240963855421686,0.031055900621118012,0.054945054945054944,0.06666666666666667,0.22040816326530613,0.031210180229628733,11
train_0094,2,nearest_neighbor,train_0131,0.13114754098360656,0.07017543859649122,0.1111111111111111,0.16,0.13333333333333333,0.08484755606978363,64
train_0100,2,nearest_neighbor,train_0139,0.046511627906976744,0.023809523809523808,0.02631578947368421,0.2,0.03571428571428571,0.06099686713731146,101
train_0107,2,nearest_neighbor,train_0034,0,0,0,0,0.13861386138613863,0,58
train_0108,2,nearest_neighbor,train_0005,0.29508196721311475,0.17307692307692307,0.3333333333333333,0.2647058823529412,0.36585365853658536,0.2421042889184772,29
train_0110,2,nearest_neighbor,train_0056,0.14705882352941177,0.07936507936507936,0.11904761904761904,0.19230769230769232,0.2,0.11050405136054689,32
train_0112,2,nearest_neighbor,dev_0018,0.072992700729927,0.03787878787878788,0.1724137931034483,0.046296296296296294,0.19047619047619047,0.08343991667550141,185
train_0113,2,nearest_neighbor,dev_0013,0.02127659574468085,0.010752688172043012,0.01694915254237288,0.02857142857142857,0.15714285714285714,0.021601773935765387,67
train_0116,2,nearest_neighbor,dev_0029,0.031746031746031744,0.016129032258064516,0.04,0.02631578947368421,0.09302325581395349,0.017201784109977362,5
train_0121,2,nearest_neighbor,train_0036,0.07547169811320754,0.0392156862745098,0.06896551724137931,0.08333333333333333,0.14473684210526316,0.03712457223820675,39
train_0126,2,nearest_neighbor,train_0084,0,0,0,0,0,0,13
train_0132,2,nearest_neighbor,train_0073,0.0898876404494382,0.047058823529411764,0.058823529411764705,0.19047619047619047,0.14285714285714285,0.12588573824728938,112
train_0133,2,nearest_neighbor,train_0086,0,0,0,0,0.09615384615384616,0,42
dev_0002,2,generic_medoid,train_0089,0.07407407407407407,0.038461538461538464,0.09090909090909091,0.0625,0.08450704225352113,0.04336885388536718,45
dev_0008,2,generic_medoid,train_0089,0.047619047619047616,0.024390243902439025,0.045454545454545456,0.05,0.04081632653061224,0.0333055846884231,71
dev_0011,2,generic_medoid,train_0089,0,0,0,0,0.04395604395604396,0,8
dev_0016,2,generic_medoid,train_0089,0.10344827586206896,0.05454545454545454,0.13636363636363635,0.08333333333333333,0.11764705882352941,0.1556109390776247,49
dev_0033,2,generic_medoid,train_0089,0.2553191489361702,0.14634146341463414,0.2727272727272727,0.24,0.21818181818181817,0.29039027009275675,63
dev_0043,2,generic_medoid,train_0089,0.07547169811320754,0.0392156862745098,0.09090909090909091,0.06451612903225806,0.18181818181818182,0.060660650665519816,24
dev_0044,2,generic_medoid,train_0089,0.21739130434782608,0.12195121951219512,0.22727272727272727,0.20833333333333334,0.3050847457627119,0.12368828328838591,11
dev_0046,2,generic_medoid,train_0089,0.044444444444444446,0.022727272727272728,0.045454545454545456,0.043478260869565216,0.14545454545454545,0.02167516909518422,15
train_0003,2,generic_medoid,train_0089,0.058823529411764705,0.030303030303030304,0.045454545454545456,0.08333333333333333,0.19230769230769232,0.025771436919229798,54
train_0016,2,generic_medoid,train_0089,0.0392156862745098,0.02,0.045454545454545456,0.034482758620689655,0.09375,0.017080839781988825,40
train_0023,2,generic_medoid,train_0089,0.05263157894736842,0.02702702702702703,0.13636363636363635,0.03260869565217391,0.0903954802259887,0.03817939711630747,185
train_0024,2,generic_medoid,train_0089,0.045454545454545456,0.023255813953488372,0.045454545454545456,0.045454545454545456,0.0392156862745098,0.035641528653591735,68
train_0027,2,generic_medoid,train_0089,0.09230769230769231,0.04838709677419355,0.13636363636363635,0.06976744186046512,0.20930232558139536,0.05578730829074935,20
train_0032,2,generic_medoid,train_0089,0.03125,0.015873015873015872,0.045454545454545456,0.023809523809523808,0.14736842105263157,0.012833985646246184,3
train_0035,2,generic_medoid,train_0089,0.06153846153846154,0.031746031746031744,0.09090909090909091,0.046511627906976744,0.15384615384615385,0.02293756540491692,16
train_0039,2,generic_medoid,train_0089,0.0547945205479452,0.028169014084507043,0.09090909090909091,0.0392156862745098,0.15384615384615385,0.029507180923847937,60
train_0054,2,generic_medoid,train_0089,0.14814814814814814,0.08,0.09090909090909091,0.4,0.2926829268292683,0.1467109161033324,75
train_0061,2,generic_medoid,train_0089,0.03636363636363636,0.018518518518518517,0.045454545454545456,0.030303030303030304,0.16666666666666666,0.015953966800461235,0
train_0063,2,generic_medoid,train_0089,0.05714285714285714,0.029411764705882353,0.045454545454545456,0.07692307692307693,0.20833333333333334,0.04446175670783946,51
train_0064,2,generic_medoid,train_0089,0.13333333333333333,0.07142857142857142,0.13636363636363635,0.13043478260869565,0.18518518518518517,0.1023931530210388,64
train_0069,2,generic_medoid,train_0089,0.05405405405405406,0.027777777777777776,0.09090909090909091,0.038461538461538464,0.1346153846153846,0.039924999901159566,50
train_0075,2,generic_medoid,train_0089,0.08,0.041666666666666664,0.09090909090909091,0.07142857142857142,0.15789473684210525,0.03077798495162945,21
train_0076,2,generic_medoid,train_0089,0,0,0,0,0.08571428571428572,0,36
train_0079,2,generic_medoid,train_0089,0.15384615384615385,0.08333333333333333,0.13636363636363635,0.17647058823529413,0.3050847457627119,0.12238100394604964,56
train_0080,2,generic_medoid,train_0089,0.07547169811320754,0.0392156862745098,0.09090909090909091,0.06451612903225806,0.22857142857142856,0.041739241458760026,5
train_0083,2,generic_medoid,train_0089,0.08695652173913043,0.045454545454545456,0.13636363636363635,0.06382978723404255,0.16842105263157894,0.041356417960836056,27
train_0085,2,generic_medoid,train_0089,0.025974025974025976,0.013157894736842105,0.045454545454545456,0.01818181818181818,0.11965811965811966,0.035820813696310176,45
train_0087,2,generic_medoid,train_0089,0.08247422680412371,0.043010752688172046,0.18181818181818182,0.05333333333333334,0.13986013986013987,0.04256362577425071,140
train_0094,2,generic_medoid,train_0089,0.1276595744680851,0.06818181818181818,0.13636363636363635,0.12,0.10714285714285714,0.0880140984002021,61
train_0100,2,generic_medoid,train_0089,0.07407407407407407,0.038461538461538464,0.045454545454545456,0.2,0.058823529411764705,0.09343872555429948,86
train_0107,2,generic_medoid,train_0089,0,0,0,0,0.08955223880597014,0,39
train_0108,2,generic_medoid,train_0089,0.32142857142857145,0.19148936170212766,0.4090909090909091,0.2647058823529412,0.4225352112676056,0.237736378201677,5
train_0110,2,generic_medoid,train_0089,0.25,0.14285714285714285,0.2727272727272727,0.23076923076923078,0.3333333333333333,0.19254741164767344,14
train_0112,2,generic_medoid,train_0089,0.07692307692307693,0.04,0.22727272727272727,0.046296296296296294,0.12941176470588237,0.08696203333453922,191
train_0113,2,generic_medoid,train_0089,0.03508771929824561,0.017857142857142856,0.045454545454545456,0.02857142857142857,0.14457831325301204,0.013667717793746573,9
train_0116,2,generic_medoid,train_0089,0.06666666666666667,0.034482758620689655,0.09090909090909091,0.05263157894736842,0.13953488372093023,0.0449446555801521,13
train_0121,2,generic_medoid,train_0089,0.14285714285714285,0.07692307692307693,0.22727272727272727,0.10416666666666667,0.1956521739130435,0.09217745922004544,32
train_0126,2,generic_medoid,train_0089,0.10526315789473684,0.05555555555555555,0.09090909090909091,0.125,0.08888888888888889,0.06973374224615901,74
train_0132,2,generic_medoid,train_0089,0.046511627906976744,0.023809523809523808,0.045454545454545456,0.047619047619047616,0.1,0.05849394675843948,55
train_0133,2,generic_medoid,train_0089,0.12307692307692308,0.06557377049180328,0.18181818181818182,0.09302325581395349,0.1875,0.09747445192372702,3
dev_0003,3,repeat,dev_0003,0.07692307692307693,0.04,0.09090909090909091,0.06666666666666667,0.058823529411764705,0.09427437658459481,44
dev_0007,3,repeat,dev_0007,0.171875,0.09401709401709402,0.15492957746478872,0.19298245614035087,0.22988505747126436,0.14255436755558237,11
dev_0010,3,repeat,dev_0010,0.15789473684210525,0.08571428571428572,0.15789473684210525,0.15789473684210525,0.2549019607843137,0.08544621009486493,44
dev_0019,3,repeat,dev_0019,0.07692307692307693,0.04,0.05333333333333334,0.13793103448275862,0.07518796992481203,0.09673241336624643,107
dev_0020,3,repeat,dev_0020,0.2222222222222222,0.125,0.2631578947368421,0.19230769230769232,0.1791044776119403,0.17405908515884178,31
dev_0023,3,repeat,dev_0023,0.10126582278481013,0.05333333333333334,0.19047619047619047,0.06896551724137931,0.10309278350515463,0.09676133814640554,82
dev_0024,3,repeat,dev_0024,0.2916666666666667,0.17073170731707318,0.25925925925925924,0.3333333333333333,0.3448275862068966,0.2858976077120178,16
dev_0025,3,repeat,dev_0025,0.030303030303030304,0.015384615384615385,0.019867549668874173,0.06382978723404255,0.11428571428571428,0.02156886457223126,178
dev_0027,3,repeat,dev_0027,0.14754098360655737,0.07964601769911504,0.375,0.09183673469387756,0.10778443113772455,0.1564707243874394,231
dev_0028,3,repeat,dev_0028,0.1686746987951807,0.09210526315789473,0.14583333333333334,0.2,0.26865671641791045,0.10151326191813026,51
dev_0035,3,repeat,dev_0035,0.23376623376623376,0.1323529411764706,0.21951219512195122,0.25,0.30612244897959184,0.23483243168775564,11
dev_0037,3,repeat,dev_0037,0.09859154929577464,0.05185185185185185,0.09210526315789473,0.10606060606060606,0.22115384615384615,0.11716252607232262,11
dev_0038,3,repeat,dev_0038,0.0611353711790393,0.03153153153153153,0.040229885057471264,0.12727272727272726,0.14935064935064934,0.08483056059725685,297
dev_0050,3,repeat,dev_0050,0.10126582278481013,0.05333333333333334,0.11764705882352941,0.08888888888888889,0.1981981981981982,0.13067710804743982,66
train_0001,3,repeat,train_0001,0.10526315789473684,0.05555555555555555,0.07894736842105263,0.15789473684210525,0.15584415584415584,0.09029838854010311,27
train_0008,3,repeat,train_0008,0.22641509433962265,0.1276595744680851,0.24,0.21428571428571427,0.23333333333333334,0.2594517951595895,23
train_0010,3,repeat,train_0010,0.34146341463414637,0.20588235294117646,0.3333333333333333,0.35,0.36,0.22767778385258916,51
train_0012,3,repeat,train_0012,0.24561403508771928,0.14,0.23333333333333334,0.25925925925925924,0.275,0.29816821797169907,9
train_0013,3,repeat,train_0013,0.19672131147540983,0.10909090909090909,0.1935483870967742,0.2,0.2682926829268293,0.25046512965578005,4
train_0026,3,repeat,train_0026,0.16326530612244897,0.08888888888888889,0.21052631578947367,0.13333333333333333,0.16326530612244897,0.24516375424462444,11
train_0029,3,repeat,train_0029,0.15384615384615385,0.08333333333333333,0.15789473684210525,0.15,0.16666666666666666,0.11402051152223017,32
train_0040,3,repeat,train_0040,0.15730337078651685,0.08536585365853659,0.28,0.109375,0.22727272727272727,0.14330592082592614,84
train_0049,3,repeat,train_0049,0.07142857142857142,0.037037037037037035,0.05555555555555555,0.1,0.1411764705882353,0.039472044873130496,27
train_0055,3,repeat,train_0055,0,0,0,0,0,0,4
train_0057,3,repeat,train_0057,0,0,0,0,0,0,80
train_0062,3,repeat,train_0062,0.05128205128205128,0.02631578947368421,0.03773584905660377,0.08,0.10526315789473684,0.06410975008981548,94
train_0068,3,repeat,train_0068,0.3137254901960784,0.18604651162790697,0.3333333333333333,0.2962962962962963,0.36923076923076925,0.18417607985369183,2
train_0082,3,repeat,train_0082,0.35,0.21212121212121213,0.35,0.35,0.35,0.3010559468725315,1
train_0086,3,repeat,train_0086,0.425531914893617,0.2702702702702703,0.47619047619047616,0.38461538461538464,0.49230769230769234,0.576990231160648,10
train_0090,3,repeat,train_0090,0.12080536912751678,0.06428571428571428,0.1232876712328767,0.11842105263157894,0.2,0.07451066737990476,37
train_0097,3,repeat,train_0097,0.34285714285714286,0.20689655172413793,0.2727272727272727,0.46153846153846156,0.4,0.3616153998441696,26
train_0101,3,repeat,train_0101,0.03389830508474576,0.017241379310344827,0.037037037037037035,0.03125,0.14285714285714285,0.02709887585094424,34
train_0102,3,repeat,train_0102,0,0,0,0,0,0,106
train_0105,3,repeat,train_0105,0.19428571428571428,0.10759493670886076,0.16666666666666666,0.2328767123287671,0.2966101694915254,0.15858061550494398,86
train_0115,3,repeat,train_0115,0.0916030534351145,0.048,0.15384615384615385,0.06521739130434782,0.2,0.07442307756519517,137
train_0117,3,repeat,train_0117,0.32558139534883723,0.19444444444444445,0.25925925925925924,0.4375,0.27450980392156865,0.2597274785402602,34
train_0134,3,repeat,train_0134,0.11764705882352941,0.0625,0.09259259259259259,0.16129032258064516,0.18181818181818182,0.10998459506270136,36
train_0136,3,repeat,train_0136,0.06666666666666667,0.034482758620689655,0.05263157894736842,0.09090909090909091,0.04597701149425287,0.10697321744296101,62
train_0140,3,repeat,train_0140,0.15384615384615385,0.08333333333333333,0.16666666666666666,0.14285714285714285,0.125,0.17741228231865852,27
train_0144,3,repeat,train_0144,0.046875,0.024,0.02830188679245283,0.13636363636363635,0.07741935483870968,0.03515337018633373,221
dev_0003,3,nearest_neighbor,dev_0029,0,0,0,0,0.08,0,17
dev_0007,3,nearest_neighbor,dev_0002,0.11235955056179775,0.05952380952380952,0.15625,0.08771929824561403,0.1746031746031746,0.09607030480215593,95
dev_0010,3,nearest_neighbor,train_0120,0.12121212121212122,0.06451612903225806,0.14285714285714285,0.10526315789473684,0.18604651162790697,0.07280309008892455,8
dev_0019,3,nearest_neighbor,dev_0029,0.037037037037037035,0.018867924528301886,0.04,0.034482758620689655,0.03389830508474576,0.02649001518148375,52
dev_0020,3,nearest_neighbor,train_0122,0.1111111111111111,0.058823529411764705,0.10714285714285714,0.11538461538461539,0.2222222222222222,0.06681996771911203,44
dev_0023,3,nearest_neighbor,train_0056,0.1,0.05263157894736842,0.11904761904761904,0.08620689655172414,0.15151515151515152,0.05983246157741752,14
dev_0024,3,nearest_neighbor,train_0103,0.2077922077922078,0.11594202898550725,0.14285714285714285,0.38095238095238093,0.22857142857142856,0.25667427426115597,49
dev_0025,3,nearest_neighbor,train_0048,0,0,0,0,0.12244897959183673,0,22
dev_0027,3,nearest_neighbor,dev_0046,0.06611570247933884,0.03418803418803419,0.17391304347826086,0.04081632653061224,0.08284023668639054,0.06398555828870431,181
dev_0028,3,nearest_neighbor,train_0108,0.11594202898550725,0.06153846153846154,0.11764705882352941,0.11428571428571428,0.20833333333333334,0.06888024246265967,19
dev_0035,3,nearest_neighbor,train_0025,0.0425531914893617,0.021739130434782608,0.034482758620689655,0.05555555555555555,0.1076923076923077,0.020753507377045774,38
dev_0037,3,nearest_neighbor,train_0065,0.08403361344537816,0.043859649122807015,0.09433962264150944,0.07575757575757576,0.21505376344086022,0.04755349382575527,15
dev_0038,3,nearest_neighbor,train_0061,0.022727272727272728,0.011494252873563218,0.030303030303030304,0.01818181818181818,0.15602836879432624,0.04330266037734826,63
dev_0050,3,nearest_neighbor,dev_0004,0.06896551724137931,0.03571428571428571,0.15384615384615385,0.044444444444444446,0.1956521739130435,0.04492386392901881,77
train_0001,3,nearest_neighbor,dev_0017,0.2,0.1111111111111111,0.16129032258064516,0.2631578947368421,0.3,0.18794453121250157,19
train_0008,3,nearest_neighbor,train_0130,0.14035087719298245,0.07547169811320754,0.13793103448275862,0.14285714285714285,0.12307692307692308,0.12859798273688,49
train_0010,3,nearest_neighbor,dev_0015,0.044444444444444446,0.022727272727272728,0.04,0.05,0.10714285714285714,0.02891665707929458,39
train_0012,3,nearest_neighbor,dev_0009,0.12121212121212122,0.06451612903225806,0.10256410256410256,0.14814814814814814,0.20833333333333334,0.11787569850044553,34
train_0013,3,nearest_neighbor,dev_0015,0.07272727272727272,0.03773584905660377,0.08,0.06666666666666667,0.14492753623188406,0.05613169782514589,25
train_0026,3,nearest_neighbor,dev_0022,0.038461538461538464,0.0196078431372549,0.045454545454545456,0.03333333333333333,0.038461538461538464,0.08008517163107765,9
train_0029,3,nearest_neighbor,train_0091,0,0,0,0,0.14285714285714285,0,38
train_0040,3,nearest_neighbor,train_0137,0.042105263157894736,0.021505376344086023,0.06451612903225806,0.03125,0.10526315789473684,0.02694699598641805,73
train_0049,3,nearest_neighbor,train_0036,0,0,0,0,0.07079646017699115,0,98
train_0055,3,nearest_neighbor,train_0056,0.15873015873015872,0.08620689655172414,0.11904761904761904,0.23809523809523808,0.1927710843373494,0.14383568343740258,85
train_0057,3,nearest_neighbor,train_0089,0.07142857142857142,0.037037037037037035,0.045454545454545456,0.16666666666666666,0.05714285714285714,0.06250956978534335,85
train_0062,3,nearest_neighbor,train_0065,0.1282051282051282,0.0684931506849315,0.09433962264150944,0.2,0.14035087719298245,0.07687509867013721,120
train_0068,3,nearest_neighbor,train_0041,0.14814814814814814,0.08,0.14814814814814814,0.14814814814814814,0.2153846153846154,0.09387552254426966,14
train_0082,3,nearest_neighbor,train_0056,0,0,0,0,0,0,89
train_0086,3,nearest_neighbor,train_0133,0,0,0,0,0.09615384615384616,0,42
train_0090,3,nearest_neighbor,dev_0030,0.1044776119402985,0.05511811023622047,0.1206896551724138,0.09210526315789473,0.24615384615384617,0.05683105357714658,29
train_0097,3,nearest_neighbor,train_0021,0.09090909090909091,0.047619047619047616,0.06451612903225806,0.15384615384615385,0.2222222222222222,0.06534175256590931,32
train_0101,3,nearest_neighbor,train_0016,0,0,0,0,0.05194805194805195,0,43
train_0102,3,nearest_neighbor,dev_0018,0,0,0,0,0.07547169811320754,0,92
train_0105,3,nearest_neighbor,train_0106,0.047058823529411764,0.024096385542168676,0.16666666666666666,0.0273972602739726,0.14754098360655737,0.02788482680416579,150
train_0115,3,nearest_neighbor,train_0107,0,0,0,0,0.09836065573770492,0,165
train_0117,3,nearest_neighbor,train_0103,0.1111111111111111,0.058823529411764705,0.07142857142857142,0.25,0.08421052631578947,0.09393562640840986,107
train_0134,3,nearest_neighbor,train_0036,0,0,0,0,0.10852713178294573,0,66
train_0136,3,nearest_neighbor,train_0150,0.02857142857142857,0.014492753623188406,0.020833333333333332,0.045454545454545456,0.021052631578947368,0.029459424483395943,127
train_0140,3,nearest_neighbor,train_0024,0.05555555555555555,0.02857142857142857,0.045454545454545456,0.07142857142857142,0.047619047619047616,0.06395668132042982,16
train_0144,3,nearest_neighbor,train_0088,0.017699115044247787,0.008928571428571428,0.01098901098901099,0.045454545454545456,0.05128205128205128,0.013350355685708849,195
dev_0003,3,generic_medoid,train_0089,0,0,0,0,0.10666666666666667,0,25
dev_0007,3,generic_medoid,train_0089,0.02531645569620253,0.01282051282051282,0.045454545454545456,0.017543859649122806,0.12389380530973451,0.008276397400448878,50
dev_0010,3,generic_medoid,train_0089,0.2,0.1111111111111111,0.2727272727272727,0.15789473684210525,0.22784810126582278,0.12216807107436234,1
dev_0019,3,generic_medoid,train_0089,0,0,0,0,0,0,60
dev_0020,3,generic_medoid,train_0089,0.08333333333333333,0.043478260869565216,0.09090909090909091,0.07692307692307693,0.1917808219178082,0.030451364522299577,36
dev_0023,3,generic_medoid,train_0089,0.05,0.02564102564102564,0.09090909090909091,0.034482758620689655,0.09803921568627451,0.029150260848181432,32
dev_0024,3,generic_medoid,train_0089,0.18604651162790697,0.10256410256410256,0.18181818181818182,0.19047619047619047,0.2545454545454545,0.14414775032498395,17
dev_0025,3,generic_medoid,train_0089,0,0,0,0,0.06666666666666667,0,23
dev_0027,3,generic_medoid,train_0089,0.1,0.05263157894736842,0.2727272727272727,0.061224489795918366,0.1511627906976744,0.1409886437837821,166
dev_0028,3,generic_medoid,train_0089,0.03508771929824561,0.017857142857142856,0.045454545454545456,0.02857142857142857,0.14457831325301204,0.012094917932733278,24
dev_0035,3,generic_medoid,train_0089,0.10344827586206896,0.05454545454545454,0.13636363636363635,0.08333333333333333,0.1917808219178082,0.08083194360472545,11
dev_0037,3,generic_medoid,train_0089,0.045454545454545456,0.023255813953488372,0.09090909090909091,0.030303030303030304,0.09230769230769231,0.037574320528666424,73
dev_0038,3,generic_medoid,train_0089,0,0,0,0,0.11650485436893204,0,63
dev_0050,3,generic_medoid,train_0089,0.11940298507462686,0.06349206349206349,0.18181818181818182,0.08888888888888889,0.16494845360824742,0.05088100692618653,22
train_0001,3,generic_medoid,train_0089,0.2926829268292683,0.17142857142857143,0.2727272727272727,0.3157894736842105,0.38461538461538464,0.21785100595037812,29
train_0008,3,generic_medoid,train_0089,0.12,0.06382978723404255,0.13636363636363635,0.10714285714285714,0.10344827586206896,0.09825633459081069,61
train_0010,3,generic_medoid,train_0089,0.19047619047619047,0.10526315789473684,0.18181818181818182,0.2,0.22641509433962265,0.15711976516801934,67
train_0012,3,generic_medoid,train_0089,0.24489795918367346,0.13953488372093023,0.2727272727272727,0.2222222222222222,0.2727272727272727,0.18183560862815634,26
train_0013,3,generic_medoid,train_0089,0.19230769230769232,0.10638297872340426,0.22727272727272727,0.16666666666666666,0.24242424242424243,0.11700555433990698,3
train_0026,3,generic_medoid,train_0089,0.07692307692307693,0.04,0.09090909090909091,0.06666666666666667,0.06779661016949153,0.0538100147860541,60
train_0029,3,generic_medoid,train_0089,0.047619047619047616,0.024390243902439025,0.045454545454545456,0.05,0.18181818181818182,0.026866522343715598,37
train_0040,3,generic_medoid,train_0089,0.023255813953488372,0.011764705882352941,0.045454545454545456,0.015625,0.1111111111111111,0.016908674136085378,73
train_0049,3,generic_medoid,train_0089,0.09523809523809523,0.05,0.09090909090909091,0.1,0.18867924528301888,0.06708182309727798,27
train_0055,3,generic_medoid,train_0089,0.23255813953488372,0.13157894736842105,0.22727272727272727,0.23809523809523808,0.3018867924528302,0.1804197022797212,67
train_0057,3,generic_medoid,train_0089,0.07142857142857142,0.037037037037037035,0.045454545454545456,0.16666666666666666,0.05714285714285714,0.06250956978534335,85
train_0062,3,generic_medoid,train_0089,0.2978723404255319,0.175,0.3181818181818182,0.28,0.3448275862068966,0.18612495566521448,62
train_0068,3,generic_medoid,train_0089,0.20408163265306123,0.11363636363636363,0.22727272727272727,0.18518518518518517,0.2857142857142857,0.13362113676549284,17
train_0082,3,generic_medoid,train_0089,0.047619047619047616,0.024390243902439025,0.045454545454545456,0.05,0.04081632653061224,0.05944862594166231,71
train_0086,3,generic_medoid,train_0089,0,0,0,0,0.09090909090909091,0,39
train_0090,3,generic_medoid,train_0089,0.14285714285714285,0.07692307692307693,0.3181818181818182,0.09210526315789473,0.19548872180451127,0.12762716501593324,70
train_0097,3,generic_medoid,train_0089,0.05714285714285714,0.029411764705882353,0.045454545454545456,0.07692307692307693,0.19607843137254902,0.027602249734311517,51
train_0101,3,generic_medoid,train_0089,0.037037037037037035,0.018867924528301886,0.045454545454545456,0.03125,0.11267605633802817,0.01030487410219315,3
train_0102,3,generic_medoid,train_0089,0,0,0,0,0.058823529411764705,0,86
train_0105,3,generic_medoid,train_0089,0.12631578947368421,0.06741573033707865,0.2727272727272727,0.0821917808219178,0.15625,0.1373882990923972,86
train_0115,3,generic_medoid,train_0089,0.05263157894736842,0.02702702702702703,0.13636363636363635,0.03260869565217391,0.11494252873563218,0.03577825908173861,126
train_0117,3,generic_medoid,train_0089,0.3157894736842105,0.1875,0.2727272727272727,0.375,0.26666666666666666,0.2476662893862195,75
train_0134,3,generic_medoid,train_0089,0.11320754716981132,0.06,0.13636363636363635,0.0967741935483871,0.2318840579710145,0.08614854242483927,5
train_0136,3,generic_medoid,train_0089,0,0,0,0,0,0,69
train_0140,3,generic_medoid,train_0089,0,0,0,0,0.12244897959183673,0,52
train_0144,3,generic_medoid,train_0089,0.045454545454545456,0.023255813953488372,0.045454545454545456,0.045454545454545456,0.1111111111111111,0.028587627769407854,66
dev_0004,4,repeat,dev_0004,0.07142857142857142,0.037037037037037035,0.06666666666666667,0.07692307692307693,0.2978723404255319,0.13515302647697333,2
dev_0005,4,repeat,dev_0005,0.4186046511627907,0.2647058823529412,0.4090909090909091,0.42857142857142855,0.5,0.3975571605922432,1
dev_0006,4,repeat,dev_0006,0.15384615384615385,0.08333333333333333,0.11764705882352941,0.2222222222222222,0.25806451612903225,0.1572779264726944,39
dev_0009,4,repeat,dev_0009,0.24444444444444444,0.13924050632911392,0.21568627450980393,0.28205128205128205,0.3875968992248062,0.25476899780659984,19
dev_0012,4,repeat,dev_0012,0.22950819672131148,0.12962962962962962,0.23333333333333334,0.22580645161290322,0.26506024096385544,0.2486680651887676,7
dev_0017,4,repeat,dev_0017,0.208955223880597,0.11666666666666667,0.19444444444444445,0.22580645161290322,0.25,0.2226130470470994,22
dev_0026,4,repeat,dev_0026,0.13138686131386862,0.0703125,0.17647058823529413,0.10465116279069768,0.2604166666666667,0.07981956836614176,67
dev_0039,4,repeat,dev_0039,0.11428571428571428,0.06060606060606061,0.2,0.08,0.12698412698412698,0.21803680978950654,33
dev_0040,4,repeat,dev_0040,0.04081632653061224,0.020833333333333332,0.030303030303030304,0.0625,0.175,0.031069585492258567,93
dev_0047,4,repeat,dev_0047,0.13333333333333333,0.07142857142857142,0.1,0.2,0.26229508196721313,0.1491333756529935,107
dev_0048,4,repeat,dev_0048,0.36363636363636365,0.2222222222222222,0.37037037037037035,0.35714285714285715,0.39436619718309857,0.38209661162014025,1
train_0004,4,repeat,train_0004,0.11764705882352941,0.0625,0.125,0.1111111111111111,0.23529411764705882,0.12762260745104612,42
train_0005,4,repeat,train_0005,0.13043478260869565,0.06976744186046512,0.15789473684210525,0.1111111111111111,0.1791044776119403,0.14215771819438588,87
train_0006,4,repeat,train_0006,0.13186813186813187,0.07058823529411765,0.13333333333333333,0.13043478260869565,0.1834862385321101,0.18334104746628052,20
train_0009,4,repeat,train_0009,0.19393939393939394,0.10738255033557047,0.12307692307692308,0.45714285714285713,0.1981981981981982,0.21975707475427314,260
train_0020,4,repeat,train_0020,0.1,0.05263157894736842,0.08928571428571429,0.11363636363636363,0.18571428571428572,0.08222025335593415,25
train_0022,4,repeat,train_0022,0.24242424242424243,0.13793103448275862,0.2553191489361702,0.23076923076923078,0.35294117647058826,0.18903271374296593,29
train_0025,4,repeat,train_0025,0.2247191011235955,0.12658227848101267,0.3225806451612903,0.1724137931034483,0.24390243902439024,0.19359823940135035,60
train_0031,4,repeat,train_0031,0.21311475409836064,0.11926605504587157,0.15853658536585366,0.325,0.26285714285714284,0.22518741347936555,124
train_0033,4,repeat,train_0033,0.5454545454545454,0.375,0.46153846153846156,0.6666666666666666,0.5652173913043478,0.595945289336193,8
train_0037,4,repeat,train_0037,0.08163265306122448,0.0425531914893617,0.07142857142857142,0.09523809523809523,0.06779661016949153,0.0901332260413495,63
train_0041,4,repeat,train_0041,0.4126984126984127,0.26,0.3611111111111111,0.48148148148148145,0.4533333333333333,0.3501740514074007,1
train_0043,4,repeat,train_0043,0.2564102564102564,0.14705882352941177,0.20833333333333334,0.3333333333333333,0.32653061224489793,0.3230284160675984,37
train_0046,4,repeat,train_0046,0.22641509433962265,0.1276595744680851,0.21428571428571427,0.24,0.26865671641791045,0.21225837290062505,47
train_0047,4,repeat,train_0047,0.4067796610169492,0.2553191489361702,0.3870967741935484,0.42857142857142855,0.45714285714285713,0.3783998899033484,1
train_0048,4,repeat,train_0048,0.1935483870967742,0.10714285714285714,0.15789473684210525,0.25,0.28,0.22224303373206022,68
train_0052,4,repeat,train_0052,0.06349206349206349,0.03278688524590164,0.03870967741935484,0.17647058823529413,0.04838709677419355,0.054292589928646065,402
train_0065,4,repeat,train_0065,0.20202020202020202,0.11235955056179775,0.21739130434782608,0.18867924528301888,0.3096774193548387,0.1410619247031898,40
train_0066,4,repeat,train_0066,0.17391304347826086,0.09523809523809523,0.3333333333333333,0.11764705882352941,0.30303030303030304,0.18467147958646618,56
train_0095,4,repeat,train_0095,0.0847457627118644,0.04424778761061947,0.08196721311475409,0.08771929824561403,0.18633540372670807,0.0890287478662987,19
train_0096,4,repeat,train_0096,0.10256410256410256,0.05405405405405406,0.10256410256410256,0.10256410256410256,0.24528301886792453,0.09414262542211826,9
train_0103,4,repeat,train_0103,0.2682926829268293,0.15492957746478872,0.4230769230769231,0.19642857142857142,0.2857142857142857,0.24023268112631935,36
train_0106,4,repeat,train_0106,0.18181818181818182,0.1,0.2,0.16666666666666666,0.4090909090909091,0.11688770938657786,6
train_0125,4,repeat,train_0125,0,0,0,0,0.05128205128205128,0,47
train_0128,4,repeat,train_0128,0.025974025974025976,0.013157894736842105,0.017857142857142856,0.047619047619047616,0.0784313725490196,0.019907309751216205,98
train_0138,4,repeat,train_0138,0.24390243902439024,0.1388888888888889,0.25,0.23809523809523808,0.3333333333333333,0.2551703290738128,39
train_0142,4,repeat,train_0142,0.2677165354330709,0.15454545454545454,0.26153846153846155,0.27419354838709675,0.31137724550898205,0.27974687904449885,3
train_0143,4,repeat,train_0143,0.13186813186813187,0.07058823529411765,0.1016949152542373,0.1875,0.2222222222222222,0.12637483192028134,47
train_0146,4,repeat,train_0146,0.10526315789473684,0.05555555555555555,0.061224489795918366,0.375,0.08571428571428572,0.12734321663327205,105
train_0148,4,repeat,train_0148,0.27586206896551724,0.16,0.42105263157894735,0.20512820512820512,0.26506024096385544,0.3463328177528321,36
dev_0004,4,nearest_neighbor,train_0044,0,0,0,0,0.13559322033898305,0,30
dev_0005,4,nearest_neighbor,dev_0003,0,0,0,0,0.08450704225352113,0,9
dev_0006,4,nearest_neighbor,train_0015,0,0,0,0,0.04081632653061224,0,126
dev_0009,4,nearest_neighbor,train_0012,0.12121212121212122,0.06451612903225806,0.14814814814814814,0.10256410256410256,0.20833333333333334,0.1252560170866004,34
dev_0012,4,nearest_neighbor,train_0092,0.06521739130434782,0.033707865168539325,0.04918032786885246,0.0967741935483871,0.16793893129770993,0.08126971327460188,100
dev_0017,4,nearest_neighbor,dev_0008,0.0392156862745098,0.02,0.05,0.03225806451612903,0.03508771929824561,0.028608066241145168,61
dev_0026,4,nearest_neighbor,train_0076,0.08771929824561403,0.045871559633027525,0.17857142857142858,0.05813953488372093,0.18633540372670807,0.08738876195188922,167
dev_0039,4,nearest_neighbor,train_0075,0.11320754716981132,0.06,0.10714285714285714,0.12,0.21505376344086022,0.08061073511160435,17
dev_0040,4,nearest_neighbor,train_0053,0.10810810810810811,0.05714285714285714,0.09523809523809523,0.125,0.20588235294117646,0.026775786272965386,20
dev_0047,4,nearest_neighbor,train_0102,0,0,0,0,0,0,41
dev_0048,4,nearest_neighbor,dev_0029,0.03773584905660377,0.019230769230769232,0.04,0.03571428571428571,0.15384615384615385,0.03620191369567258,7
train_0004,4,nearest_neighbor,train_0029,0.0425531914893617,0.021739130434782608,0.05,0.037037037037037035,0.16393442622950818,0.02860645692747806,35
train_0005,4,nearest_neighbor,train_0108,0.29508196721311475,0.17307692307692307,0.2647058823529412,0.3333333333333333,0.36585365853658536,0.2247494518850463,29
train_0006,4,nearest_neighbor,dev_0015,0.08450704225352113,0.04411764705882353,0.12,0.06521739130434782,0.1411764705882353,0.07134984358722674,49
train_0009,4,nearest_neighbor,train_0090,0.036036036036036036,0.01834862385321101,0.02631578947368421,0.05714285714285714,0.08163265306122448,0.026822627803373616,63
train_0020,4,nearest_neighbor,dev_0030,0.09803921568627451,0.05154639175257732,0.08620689655172414,0.11363636363636363,0.14473684210526316,0.08409745309012681,112
train_0022,4,nearest_neighbor,train_0083,0.10101010101010101,0.05319148936170213,0.10638297872340426,0.09615384615384616,0.2054794520547945,0.06787863387115096,58
train_0025,4,nearest_neighbor,dev_0035,0.0425531914893617,0.021739130434782608,0.05555555555555555,0.034482758620689655,0.1076923076923077,0.02143952212616229,38
train_0031,4,nearest_neighbor,train_0116,0.10256410256410256,0.05405405405405406,0.10526315789473684,0.1,0.16666666666666666,0.09020213905343014,13
train_0033,4,nearest_neighbor,train_0130,0.0425531914893617,0.021739130434782608,0.034482758620689655,0.05555555555555555,0.07272727272727272,0.033862510088828006,59
train_0037,4,nearest_neighbor,dev_0029,0,0,0,0,0,0,62
train_0041,4,nearest_neighbor,dev_0027,0.096,0.05042016806722689,0.061224489795918366,0.2222222222222222,0.11494252873563218,0.14269938564552667,169
train_0043,4,nearest_neighbor,dev_0024,0.1568627450980392,0.0851063829787234,0.19047619047619047,0.13333333333333333,0.21212121212121213,0.14544572680525825,9
train_0046,4,nearest_neighbor,train_0056,0.11940298507462686,0.06349206349206349,0.09523809523809523,0.16,0.21052631578947367,0.060929327793402,21
train_0047,4,nearest_neighbor,dev_0034,0.1568627450980392,0.0851063829787234,0.17391304347826086,0.14285714285714285,0.26229508196721313,0.1735632901760707,10
train_0048,4,nearest_neighbor,train_0118,0.03571428571428571,0.01818181818181818,0.022727272727272728,0.08333333333333333,0.17391304347826086,0.04838713645853622,127
train_0052,4,nearest_neighbor,train_0018,0.06622516556291391,0.03424657534246575,0.042735042735042736,0.14705882352941177,0.053475935828877004,0.0689104076720158,233
train_0065,4,nearest_neighbor,dev_0037,0.08403361344537816,0.043859649122807015,0.07575757575757576,0.09433962264150944,0.21505376344086022,0.04455817070899008,15
train_0066,4,nearest_neighbor,train_0079,0,0,0,0,0.23376623376623376,0,53
train_0095,4,nearest_neighbor,train_0149,0,0,0,0,0,0,101
train_0096,4,nearest_neighbor,train_0130,0.08823529411764706,0.046153846153846156,0.10344827586206896,0.07692307692307693,0.2,0.05818012200315278,17
train_0103,4,nearest_neighbor,dev_0024,0.2077922077922078,0.11594202898550725,0.38095238095238093,0.14285714285714285,0.22857142857142856,0.23029359593063795,49
train_0106,4,nearest_neighbor,train_0079,0.06896551724137931,0.03571428571428571,0.058823529411764705,0.08333333333333333,0.2641509433962264,0.026425227508098247,8
train_0125,4,nearest_neighbor,train_0054,0.05128205128205128,0.02631578947368421,0.2,0.029411764705882353,0.1875,0.06282418365583689,57
train_0128,4,nearest_neighbor,train_0120,0.08163265306122448,0.0425531914893617,0.07142857142857142,0.09523809523809523,0.13114754098360656,0.09947024227504801,75
train_0138,4,nearest_neighbor,train_0104,0,0,0,0,0.05555555555555555,0,100
train_0142,4,nearest_neighbor,train_0057,0,0,0,0,0,0,104
train_0143,4,nearest_neighbor,train_0090,0.07407407407407407,0.038461538461538464,0.05263157894736842,0.125,0.1388888888888889,0.055752337974673355,77
train_0146,4,nearest_neighbor,train_0039,0.03389830508474576,0.017241379310344827,0.0196078431372549,0.125,0.024096385542168676,0.03233603053379789,143
train_0148,4,nearest_neighbor,train_0133,0.04878048780487805,0.025,0.046511627906976744,0.05128205128205128,0.19834710743801653,0.03467383648335186,7
dev_0004,4,generic_medoid,train_0089,0.05714285714285714,0.029411764705882353,0.045454545454545456,0.07692307692307693,0.18867924528301888,0.0347495821225377,55
dev_0005,4,generic_medoid,train_0089,0.046511627906976744,0.023809523809523808,0.045454545454545456,0.047619047619047616,0.18518518518518517,0.03040624645092395,16
dev_0006,4,generic_medoid,train_0089,0.06451612903225806,0.03333333333333333,0.045454545454545456,0.1111111111111111,0.15,0.05398703048493055,80
dev_0009,4,generic_medoid,train_0089,0.06557377049180328,0.03389830508474576,0.09090909090909091,0.05128205128205128,0.13636363636363635,0.0681341576538546,8
dev_0012,4,generic_medoid,train_0089,0.07547169811320754,0.0392156862745098,0.09090909090909091,0.06451612903225806,0.2028985507246377,0.046489234502445034,33
dev_0017,4,generic_medoid,train_0089,0.22641509433962265,0.1276595744680851,0.2727272727272727,0.1935483870967742,0.30303030303030304,0.2235333400491161,10
dev_0026,4,generic_medoid,train_0089,0.07407407407407407,0.038461538461538464,0.18181818181818182,0.046511627906976744,0.1342281879194631,0.08895973671840816,131
dev_0039,4,generic_medoid,train_0089,0.0425531914893617,0.021739130434782608,0.045454545454545456,0.04,0.16,0.013293152016974709,38
dev_0040,4,generic_medoid,train_0089,0,0,0,0,0.1016949152542373,0,56
dev_0047,4,generic_medoid,train_0089,0.0851063829787234,0.044444444444444446,0.09090909090909091,0.08,0.14705882352941177,0.10021214637394772,45
dev_0048,4,generic_medoid,train_0089,0.08,0.041666666666666664,0.09090909090909091,0.07142857142857142,0.2153846153846154,0.0603777305502656,1
train_0004,4,generic_medoid,train_0089,0,0,0,0,0.1875,0,2
train_0005,4,generic_medoid,train_0089,0.16326530612244897,0.08888888888888889,0.18181818181818182,0.14814814814814814,0.2608695652173913,0.10551086480793068,24
train_0006,4,generic_medoid,train_0089,0.058823529411764705,0.030303030303030304,0.09090909090909091,0.043478260869565216,0.12195121951219512,0.039134996531522775,21
train_0009,4,generic_medoid,train_0089,0.07017543859649122,0.03636363636363636,0.09090909090909091,0.05714285714285714,0.1388888888888889,0.03706865292353228,7
train_0020,4,generic_medoid,train_0089,0.06060606060606061,0.03125,0.09090909090909091,0.045454545454545456,0.1111111111111111,0.015855383282672872,13
train_0022,4,generic_medoid,train_0089,0.10810810810810811,0.05714285714285714,0.18181818181818182,0.07692307692307693,0.2018348623853211,0.111424782356303,85
train_0025,4,generic_medoid,train_0089,0.15,0.08108108108108109,0.2727272727272727,0.10344827586206896,0.19130434782608696,0.08703171828799984,49
train_0031,4,generic_medoid,train_0089,0.03225806451612903,0.01639344262295082,0.045454545454545456,0.025,0.15,0.023540969078401246,0
train_0033,4,generic_medoid,train_0089,0,0,0,0,0,0,71
train_0037,4,generic_medoid,train_0089,0.09302325581395349,0.04878048780487805,0.09090909090909091,0.09523809523809523,0.08,0.0789862990622652,70
train_0041,4,generic_medoid,train_0089,0.2857142857142857,0.16666666666666666,0.3181818181818182,0.25925925925925924,0.36666666666666664,0.23146004467370734,3
train_0043,4,generic_medoid,train_0089,0.07692307692307693,0.04,0.09090909090909091,0.06666666666666667,0.17391304347826086,0.08813204544285276,8
train_0046,4,generic_medoid,train_0089,0.2127659574468085,0.11904761904761904,0.22727272727272727,0.2,0.27692307692307694,0.14982041659339043,3
train_0047,4,generic_medoid,train_0089,0.04,0.02040816326530612,0.045454545454545456,0.03571428571428571,0.16393442622950818,0.012350320338635682,5
train_0048,4,generic_medoid,train_0089,0.13043478260869565,0.06976744186046512,0.13636363636363635,0.125,0.2727272727272727,0.12723258582947564,1
train_0052,4,generic_medoid,train_0089,0.03571428571428571,0.01818181818181818,0.045454545454545456,0.029411764705882353,0.031746031746031744,0.049730242929117895,53
train_0065,4,generic_medoid,train_0089,0.16,0.08695652173913043,0.2727272727272727,0.11320754716981132,0.17543859649122806,0.12366349900167886,58
train_0066,4,generic_medoid,train_0089,0,0,0,0,0.13157894736842105,0,3
train_0095,4,generic_medoid,train_0089,0.02531645569620253,0.01282051282051282,0.045454545454545456,0.017543859649122806,0.0784313725490196,0.026694812917027726,32
train_0096,4,generic_medoid,train_0089,0.06557377049180328,0.03389830508474576,0.09090909090909091,0.05128205128205128,0.1686746987951807,0.024613348750411983,5
train_0103,4,generic_medoid,train_0089,0.23076923076923078,0.13043478260869565,0.4090909090909091,0.16071428571428573,0.2777777777777778,0.15365550252283428,32
train_0106,4,generic_medoid,train_0089,0.11764705882352941,0.0625,0.09090909090909091,0.16666666666666666,0.23076923076923078,0.0874885672490785,64
train_0125,4,generic_medoid,train_0089,0.03571428571428571,0.01818181818181818,0.045454545454545456,0.029411764705882353,0.09876543209876543,0.010076235171249628,18
train_0128,4,generic_medoid,train_0089,0.046511627906976744,0.023809523809523808,0.045454545454545456,0.047619047619047616,0.1111111111111111,0.053440980825536805,66
train_0138,4,generic_medoid,train_0089,0.046511627906976744,0.023809523809523808,0.045454545454545456,0.047619047619047616,0.14814814814814814,0.031003774343359446,29
train_0142,4,generic_medoid,train_0089,0.047619047619047616,0.024390243902439025,0.09090909090909091,0.03225806451612903,0.07017543859649122,0.04069732499153467,19
train_0143,4,generic_medoid,train_0089,0.1111111111111111,0.058823529411764705,0.13636363636363635,0.09375,0.2028985507246377,0.05378484339586252,7
train_0146,4,generic_medoid,train_0089,0.13333333333333333,0.07142857142857142,0.09090909090909091,0.25,0.10810810810810811,0.13163120839586703,83
train_0148,4,generic_medoid,train_0089,0.03278688524590164,0.016666666666666666,0.045454545454545456,0.02564102564102564,0.0963855421686747,0.01601612360971654,10
dev_0001,5,repeat,dev_0001,0.05853658536585366,0.03015075376884422,0.037037037037037035,0.13953488372093023,0.18430034129692832,0.05900060145212303,200
dev_0014,5,repeat,dev_0014,0.19230769230769232,0.10638297872340426,0.23255813953488372,0.16393442622950818,0.29931972789115646,0.15852561666300027,124
dev_0030,5,repeat,dev_0030,0.12857142857142856,0.06870229007633588,0.10975609756097561,0.15517241379310345,0.2347417840375587,0.11357650813316678,24
dev_0036,5,repeat,dev_0036,0.3956043956043956,0.2465753424657534,0.4090909090909091,0.3829787234042553,0.4696969696969697,0.3440064243124752,16
train_0002,5,repeat,train_0002,0.3,0.17647058823529413,0.28125,0.32142857142857145,0.35443037974683544,0.2670704092734593,43
train_0007,5,repeat,train_0007,0.2018348623853211,0.11224489795918367,0.2037037037037037,0.2,0.3105590062111801,0.13987394999847344,10
train_0018,5,repeat,train_0018,0.2085889570552147,0.11643835616438356,0.3695652173913043,0.1452991452991453,0.3063063063063063,0.27359508483721007,164
train_0019,5,repeat,train_0019,0.12121212121212122,0.06451612903225806,0.09523809523809523,0.16666666666666666,0.12244897959183673,0.08900267680723915,48
train_0028,5,repeat,train_0028,0.08695652173913043,0.045454545454545456,0.1111111111111111,0.07142857142857142,0.07017543859649122,0.083326075560272,43
train_0030,5,repeat,train_0030,0.12244897959183673,0.06521739130434782,0.13043478260869565,0.11538461538461539,0.13333333333333333,0.09501509404620967,51
train_0036,5,repeat,train_0036,0.08888888888888889,0.046511627906976744,0.125,0.06896551724137931,0.2638888888888889,0.05851969929228167,82
train_0044,5,repeat,train_0044,0.42424242424242425,0.2692307692307692,0.3783783783783784,0.4827586206896552,0.4810126582278481,0.38308870693166125,33
train_0053,5,repeat,train_0053,0.05714285714285714,0.029411764705882353,0.07142857142857142,0.047619047619047616,0.2727272727272727,0.029462657611852676,16
train_0058,5,repeat,train_0058,0.3333333333333333,0.2,0.3333333333333333,0.3333333333333333,0.4,0.3125778480521718,8
train_0059,5,repeat,train_0059,0.20408163265306123,0.11363636363636363,0.22727272727272727,0.18518518518518517,0.26666666666666666,0.18146268239365118,42
train_0060,5,repeat,train_0060,0.19130434782608696,0.10576923076923077,0.1375,0.3142857142857143,0.24096385542168675,0.23665094451475144,177
train_0067,5,repeat,train_0067,0.15873015873015872,0.08620689655172414,0.2631578947368421,0.11363636363636363,0.28846153846153844,0.13622777842299552,96
train_0071,5,repeat,train_0071,0.1320754716981132,0.0707070707070707,0.1320754716981132,0.1320754716981132,0.29411764705882354,0.11314657371089971,8
train_0072,5,repeat,train_0072,0,0,0,0,0.16901408450704225,0,38
train_0078,5,repeat,train_0078,0.13793103448275862,0.07407407407407407,0.1111111111111111,0.18181818181818182,0.17105263157894737,0.12553933648270796,69
train_0084,5,repeat,train_0084,0,0,0,0,0.75,0,0
train_0088,5,repeat,train_0088,0.14173228346456693,0.07627118644067797,0.25,0.0989010989010989,0.21978021978021978,0.10619528770146867,128
train_0089,5,repeat,train_0089,0.14814814814814814,0.08,0.125,0.18181818181818182,0.19444444444444445,0.1172375496891123,1
train_0091,5,repeat,train_0091,0.08333333333333333,0.043478260869565216,0.058823529411764705,0.14285714285714285,0.34146341463414637,0.07963760474027448,32
train_0093,5,repeat,train_0093,0.09302325581395349,0.04878048780487805,0.13333333333333333,0.07142857142857142,0.1935483870967742,0.08344661152469104,63
train_0098,5,repeat,train_0098,0,0,0,0,0.04918032786885246,0,266
train_0109,5,repeat,train_0109,0,0,0,0,0.12,0,8
train_0118,5,repeat,train_0118,0.13846153846153847,0.0743801652892562,0.21428571428571427,0.10227272727272728,0.24210526315789474,0.15775575509362202,114
train_0119,5,repeat,train_0119,0.09375,0.04918032786885246,0.06382978723404255,0.17647058823529413,0.13186813186813187,0.11954744475945647,82
train_0120,5,repeat,train_0120,0.1724137931034483,0.09433962264150944,0.16666666666666666,0.17857142857142858,0.28205128205128205,0.13662686987202544,15
train_0123,5,repeat,train_0123,0.047058823529411764,0.024096385542168676,0.09090909090909091,0.031746031746031744,0.15602836879432624,0.05331058951859985,95
train_0129,5,repeat,train_0129,0.1951219512195122,0.10810810810810811,0.2,0.19047619047619047,0.3076923076923077,0.17537044853914827,27
train_0130,5,repeat,train_0130,0.24489795918367346,0.13953488372093023,0.3,0.20689655172413793,0.2413793103448276,0.23331184924358495,39
train_0135,5,repeat,train_0135,0.15053763440860216,0.08139534883720931,0.20588235294117646,0.11864406779661017,0.20634920634920634,0.1489621216077055,71
train_0137,5,repeat,train_0137,0.057971014492753624,0.029850746268656716,0.05263157894736842,0.06451612903225806,0.12903225806451613,0.07808378210644126,26
train_0139,5,repeat,train_0139,0.17647058823529413,0.0967741935483871,0.2,0.15789473684210525,0.2391304347826087,0.18828870583134205,28
train_0141,5,repeat,train_0141,0.08450704225352113,0.04411764705882353,0.06382978723404255,0.125,0.12631578947368421,0.0514891991313469,69
train_0147,5,repeat,train_0147,0.11688311688311688,0.06206896551724138,0.09,0.16666666666666666,0.2723404255319149,0.12082282761344378,147
train_0149,5,repeat,train_0149,0.04,0.02040816326530612,0.03571428571428571,0.045454545454545456,0.028985507246376812,0.0415145285726856,40
train_0150,5,repeat,train_0150,0.3252032520325203,0.1941747572815534,0.26666666666666666,0.4166666666666667,0.3712574850299401,0.3468181793096228,21
dev_0001,5,nearest_neighbor,dev_0038,0.02040816326530612,0.010309278350515464,0.01818181818181818,0.023255813953488372,0.10738255033557047,0.012220873916450116,21
dev_0014,5,nearest_neighbor,dev_0018,0.06666666666666667,0.034482758620689655,0.10344827586206896,0.04918032786885246,0.24242424242424243,0.034393468452103004,147
dev_0030,5,nearest_neighbor,train_0090,0.1044776119402985,0.05511811023622047,0.09210526315789473,0.1206896551724138,0.24615384615384617,0.05707332604127873,29
dev_0036,5,nearest_neighbor,dev_0021,0.10810810810810811,0.05714285714285714,0.14814814814814814,0.0851063829787234,0.1782178217821782,0.05855891208861354,42
train_0002,5,nearest_neighbor,train_0103,0.16666666666666666,0.09090909090909091,0.125,0.25,0.19298245614035087,0.10954004619681584,65
train_0007,5,nearest_neighbor,train_0131,0.10989010989010989,0.05813953488372093,0.1388888888888889,0.09090909090909091,0.20634920634920634,0.12862669089992385,50
train_0018,5,nearest_neighbor,train_0052,0.06622516556291391,0.03424657534246575,0.14705882352941177,0.042735042735042736,0.053475935828877004,0.06995993348249585,233
train_0019,5,nearest_neighbor,train_0140,0,0,0,0,0.058823529411764705,0,24
train_0028,5,nearest_neighbor,train_0055,0.04081632653061224,0.020833333333333332,0.047619047619047616,0.03571428571428571,0.12698412698412698,0.04275427083819701,38
train_0030,5,nearest_neighbor,dev_0027,0.06451612903225806,0.03333333333333333,0.04081632653061224,0.15384615384615385,0.1340782122905028,0.07183347074078733,177
train_0036,5,nearest_neighbor,train_0049,0,0,0,0,0.07079646017699115,0,98
train_0044,5,nearest_neighbor,dev_0048,0.17543859649122806,0.09615384615384616,0.17857142857142858,0.1724137931034483,0.2535211267605634,0.15150536507631507,24
train_0053,5,nearest_neighbor,dev_0040,0.10810810810810811,0.05714285714285714,0.125,0.09523809523809523,0.20588235294117646,0.028614928672681565,20
train_0058,5,nearest_neighbor,train_0070,0.0425531914893617,0.021739130434782608,0.043478260869565216,0.041666666666666664,0.21428571428571427,0.037250434179650176,9
train_0059,5,nearest_neighbor,dev_0029,0.038461538461538464,0.0196078431372549,0.04,0.037037037037037035,0.15625,0.02210616401941942,4
train_0060,5,nearest_neighbor,train_0056,0.12987012987012986,0.06944444444444445,0.11904761904761904,0.14285714285714285,0.25,0.09884470579237806,60
train_0067,5,nearest_neighbor,train_0110,0.02857142857142857,0.014492753623188406,0.038461538461538464,0.022727272727272728,0.10204081632653061,0,64
train_0071,5,nearest_neighbor,dev_0047,0,0,0,0,0.13114754098360656,0,104
train_0072,5,nearest_neighbor,train_0005,0,0,0,0,0.11940298507462686,0,79
train_0078,5,nearest_neighbor,train_0114,0.05128205128205128,0.02631578947368421,0.058823529411764705,0.045454545454545456,0.08080808080808081,0.027113237688177805,9
train_0084,5,nearest_neighbor,train_0068,0,0,0,0,0.15789473684210525,0,70
train_0088,5,nearest_neighbor,dev_0010,0.12403100775193798,0.06611570247933884,0.21052631578947367,0.08791208791208792,0.1878453038674033,0.08858962806471252,128
train_0089,5,nearest_neighbor,train_0057,0.07142857142857142,0.037037037037037035,0.16666666666666666,0.045454545454545456,0.05714285714285714,0.05434429487614393,85
train_0091,5,nearest_neighbor,train_0029,0,0,0,0,0.14285714285714285,0,38
train_0093,5,nearest_neighbor,train_0100,0.06060606060606061,0.03125,0.2,0.03571428571428571,0.044444444444444446,0.05879726505140557,83
train_0098,5,nearest_neighbor,dev_0013,0,0,0,0,0.06666666666666667,0,163
train_0109,5,nearest_neighbor,train_0056,0.03225806451612903,0.01639344262295082,0.023809523809523808,0.05,0.11764705882352941,0.02073208231912621,36
train_0118,5,nearest_neighbor,train_0048,0.03571428571428571,0.01818181818181818,0.08333333333333333,0.022727272727272728,0.17391304347826086,0.05340576405102094,127
train_0119,5,nearest_neighbor,dev_0018,0.043478260869565216,0.022222222222222223,0.034482758620689655,0.058823529411764705,0.1111111111111111,0.029602844170456145,73
train_0120,5,nearest_neighbor,dev_0010,0.12121212121212122,0.06451612903225806,0.10526315789473684,0.14285714285714285,0.18604651162790697,0.07939995094568103,8
train_0123,5,nearest_neighbor,dev_0032,0.02127659574468085,0.010752688172043012,0.03225806451612903,0.015873015873015872,0.06944444444444445,0.016134860462589735,87
train_0129,5,nearest_neighbor,train_0055,0.09523809523809523,0.05,0.09523809523809523,0.09523809523809523,0.20408163265306123,0.0832335735866217,5
train_0130,5,nearest_neighbor,train_0080,0.1,0.05263157894736842,0.0967741935483871,0.10344827586206896,0.18181818181818182,0.06593060904152746,17
train_0135,5,nearest_neighbor,train_0076,0.022988505747126436,0.011627906976744186,0.03571428571428571,0.01694915254237288,0.1487603305785124,0.015389955992617228,69
train_0137,5,nearest_neighbor,train_0040,0.042105263157894736,0.021505376344086023,0.03125,0.06451612903225806,0.10526315789473684,0.02735656548753085,73
train_0139,5,nearest_neighbor,train_0100,0.046511627906976744,0.023809523809523808,0.2,0.02631578947368421,0.03571428571428571,0.0554901892156102,101
train_0141,5,nearest_neighbor,train_0070,0.02857142857142857,0.014492753623188406,0.021739130434782608,0.041666666666666664,0.08333333333333333,0.010802398220703604,74
train_0147,5,nearest_neighbor,dev_0049,0.057692307692307696,0.0297029702970297,0.06,0.05555555555555555,0.16455696202531644,0.03856582269463441,18
train_0149,5,nearest_neighbor,train_0034,0.030303030303030304,0.015384615384615385,0.022727272727272728,0.045454545454545456,0.023529411764705882,0.0332617984743276,88
train_0150,5,nearest_neighbor,train_0136,0.02857142857142857,0.014492753623188406,0.045454545454545456,0.020833333333333332,0.021052631578947368,0.03334853030882186,127
dev_0001,5,generic_medoid,train_0121,0.06593406593406594,0.03409090909090909,0.0625,0.06976744186046512,0.14492753623188406,0.06190862873373759,10
dev_0014,5,generic_medoid,train_0121,0.1651376146788991,0.09,0.1875,0.14754098360655737,0.24489795918367346,0.14807223547524007,121
dev_0030,5,generic_medoid,train_0121,0.11320754716981132,0.06,0.125,0.10344827586206896,0.2077922077922078,0.076872978106613,67
dev_0036,5,generic_medoid,train_0121,0.18947368421052632,0.10465116279069768,0.1875,0.19148936170212766,0.2727272727272727,0.14336733202157173,8
train_0002,5,generic_medoid,train_0121,0.07894736842105263,0.0410958904109589,0.0625,0.10714285714285714,0.14285714285714285,0.0437987144036407,65
train_0007,5,generic_medoid,train_0121,0.13592233009708737,0.07291666666666667,0.14583333333333334,0.12727272727272726,0.2127659574468085,0.11511564436914293,21
train_0018,5,generic_medoid,train_0121,0.06060606060606061,0.03125,0.10416666666666667,0.042735042735042736,0.12037037037037036,0.047959100586016296,148
train_0019,5,generic_medoid,train_0121,0,0,0,0,0,0,108
train_0028,5,generic_medoid,train_0121,0.05263157894736842,0.02702702702702703,0.041666666666666664,0.07142857142857142,0.11764705882352941,0.04332261381523078,61
train_0030,5,generic_medoid,train_0121,0.10810810810810811,0.05714285714285714,0.08333333333333333,0.15384615384615385,0.18181818181818182,0.07901910928687544,43
train_0036,5,generic_medoid,train_0121,0.07547169811320754,0.0392156862745098,0.08333333333333333,0.06896551724137931,0.14473684210526316,0.03956842457788631,39
train_0044,5,generic_medoid,train_0121,0.12987012987012986,0.06944444444444445,0.10416666666666667,0.1724137931034483,0.1836734693877551,0.12865610746084072,57
train_0053,5,generic_medoid,train_0121,0.14492753623188406,0.078125,0.10416666666666667,0.23809523809523808,0.2376237623762376,0.12480564398750252,68
train_0058,5,generic_medoid,train_0121,0.020833333333333332,0.010526315789473684,0.020833333333333332,0.020833333333333332,0.08695652173913043,0.04250024287229848,4
train_0059,5,generic_medoid,train_0121,0.08,0.041666666666666664,0.0625,0.1111111111111111,0.16326530612244897,0.07614053426088743,36
train_0060,5,generic_medoid,train_0121,0.0963855421686747,0.05063291139240506,0.08333333333333333,0.11428571428571428,0.18518518518518517,0.06468812382827027,74
train_0067,5,generic_medoid,train_0121,0.17391304347826086,0.09523809523809523,0.16666666666666666,0.18181818181818182,0.23076923076923078,0.18004695703448215,18
train_0071,5,generic_medoid,train_0121,0.039603960396039604,0.020202020202020204,0.041666666666666664,0.03773584905660377,0.136986301369863,0.02188925819382968,27
train_0072,5,generic_medoid,train_0121,0,0,0,0,0.06666666666666667,0,87
train_0078,5,generic_medoid,train_0121,0.10869565217391304,0.05747126436781609,0.10416666666666667,0.11363636363636363,0.1391304347826087,0.0727225346708447,47
train_0084,5,generic_medoid,train_0121,0.04081632653061224,0.020833333333333332,0.020833333333333332,1,0.11940298507462686,0.08394459445969428,119
train_0088,5,generic_medoid,train_0121,0.08633093525179857,0.045112781954887216,0.125,0.06593406593406594,0.14432989690721648,0.06603594684685744,97
train_0089,5,generic_medoid,train_0121,0.14285714285714285,0.07692307692307693,0.10416666666666667,0.22727272727272727,0.1956521739130435,0.08805749802856207,32
train_0091,5,generic_medoid,train_0121,0,0,0,0,0.10126582278481013,0,107
train_0093,5,generic_medoid,train_0121,0.10526315789473684,0.05555555555555555,0.08333333333333333,0.14285714285714285,0.21359223300970873,0.05937149039138614,35
train_0098,5,generic_medoid,train_0121,0,0,0,0,0.08955223880597014,0,119
train_0109,5,generic_medoid,train_0121,0.029411764705882353,0.014925373134328358,0.020833333333333332,0.05,0.06741573033707865,0.02073532371085428,50
train_0118,5,generic_medoid,train_0121,0.08823529411764706,0.046153846153846156,0.125,0.06818181818181818,0.18181818181818182,0.09835317420925076,96
train_0119,5,generic_medoid,train_0121,0.03076923076923077,0.015625,0.020833333333333332,0.058823529411764705,0.06896551724137931,0.04682117381593354,99
train_0120,5,generic_medoid,train_0121,0.07894736842105263,0.0410958904109589,0.0625,0.10714285714285714,0.16161616161616163,0.044581174963032696,23
train_0123,5,generic_medoid,train_0121,0.10810810810810811,0.05714285714285714,0.125,0.09523809523809523,0.18823529411764706,0.0859029796629899,50
train_0129,5,generic_medoid,train_0121,0.11594202898550725,0.06153846153846154,0.08333333333333333,0.19047619047619047,0.1590909090909091,0.1439631920271361,94
train_0130,5,generic_medoid,train_0121,0.07792207792207792,0.04054054054054054,0.0625,0.10344827586206896,0.12121212121212122,0.04570865175604086,44
train_0135,5,generic_medoid,train_0121,0.11214953271028037,0.0594059405940594,0.125,0.1016949152542373,0.18181818181818182,0.0949138512905229,1
train_0137,5,generic_medoid,train_0121,0.0759493670886076,0.039473684210526314,0.0625,0.0967741935483871,0.1414141414141414,0.04933260689166841,32
train_0139,5,generic_medoid,train_0121,0.09302325581395349,0.04878048780487805,0.08333333333333333,0.10526315789473684,0.17543859649122806,0.05070308840552048,17
train_0141,5,generic_medoid,train_0121,0.08333333333333333,0.043478260869565216,0.0625,0.125,0.10638297872340426,0.06194877799613776,87
train_0147,5,generic_medoid,train_0121,0.058823529411764705,0.030303030303030304,0.0625,0.05555555555555555,0.15172413793103448,0.04651164434291322,11
train_0149,5,generic_medoid,train_0121,0.05714285714285714,0.029411764705882353,0.041666666666666664,0.09090909090909091,0.047058823529411764,0.03721687334725887,101
train_0150,5,generic_medoid,train_0121,0.08333333333333333,0.043478260869565216,0.08333333333333333,0.08333333333333333,0.14705882352941177,0.07387056022474225,26
