lambda,loss,fold,model,selected
0.01,0.13120369097838191,1,demographics,FALSE
0.1,0.12569078658703908,1,demographics,FALSE
1,0.11352314738477012,1,demographics,FALSE
10,0.10978201890536586,1,demographics,TRUE
100,0.11009880133947138,1,demographics,FALSE
0.01,0.13322853261749457,1,text,FALSE
0.1,0.12973460682403903,1,text,FALSE
1,0.1174834795849352,1,text,FALSE
10,0.10866271528379104,1,text,TRUE
100,0.10958524468745957,1,text,FALSE
0.01,0.1303886469084249,1,combined,FALSE
0.1,0.1277587490407838,1,combined,FALSE
1,0.11705170074111095,1,combined,FALSE
10,0.10848463809662275,1,combined,TRUE
100,0.10951407729143879,1,combined,FALSE
0.01,0.1303426186989211,2,demographics,FALSE
0.1,0.12610335142125917,2,demographics,FALSE
1,0.11438104149247041,2,demographics,FALSE
10,0.11067545269878688,2,demographics,TRUE
100,0.1110933349457952,2,demographics,FALSE
0.01,0.1342317879491253,2,text,FALSE
0.1,0.13066204541910365,2,text,FALSE
1,0.11871954324914369,2,text,FALSE
10,0.11004719356745402,2,text,TRUE
100,0.11069897318091068,2,text,FALSE
0.01,0.12974050243874607,2,combined,FALSE
0.1,0.127554304086638,2,combined,FALSE
1,0.11806925655463292,2,combined,FALSE
10,0.109815769533027,2,combined,TRUE
100,0.11061137544509933,2,combined,FALSE
0.01,0.12693399792791915,3,demographics,FALSE
0.1,0.12264274678808311,3,demographics,FALSE
1,0.11116999012749759,3,demographics,FALSE
10,0.10735717562888752,3,demographics,TRUE
100,0.10791353895967828,3,demographics,FALSE
0.01,0.13508095277744192,3,text,FALSE
0.1,0.12836360956146342,3,text,FALSE
1,0.11495694673783102,3,text,FALSE
10,0.10661770458490295,3,text,TRUE
100,0.10748641791683648,3,text,FALSE
0.01,0.12857761394012987,3,combined,FALSE
0.1,0.12516882438117038,3,combined,FALSE
1,0.11434782458167576,3,combined,FALSE
10,0.10626664873758705,3,combined,TRUE
100,0.10737365132856645,3,combined,FALSE
0.01,0.13042305212065713,4,demographics,FALSE
0.1,0.12461114817918222,4,demographics,FALSE
1,0.112437701656827,4,demographics,FALSE
10,0.10861836493278193,4,demographics,TRUE
100,0.10888610434435711,4,demographics,FALSE
0.01,0.13452729431488103,4,text,FALSE
0.1,0.12922605048322203,4,text,FALSE
1,0.11643579855841375,4,text,FALSE
10,0.10780689172270698,4,text,TRUE
100,0.10845110777942811,4,text,FALSE
0.01,0.1289159606146338,4,combined,FALSE
0.1,0.1263850079855069,4,combined,FALSE
1,0.11637565275320118,4,combined,FALSE
10,0.10773739864891664,4,combined,TRUE
100,0.10838674220769819,4,combined,FALSE
0.01,0.13139937205734714,5,demographics,FALSE
0.1,0.12525209485678834,5,demographics,FALSE
1,0.11131440861786077,5,demographics,FALSE
10,0.10751988227573975,5,demographics,TRUE
100,0.1079777592940241,5,demographics,FALSE
0.01,0.13146150104722099,5,text,FALSE
0.1,0.12651065442983492,5,text,FALSE
1,0.11423038535450696,5,text,FALSE
10,0.10633654969508428,5,text,TRUE
100,0.10748120019898466,5,text,FALSE
0.01,0.12773537528209508,5,combined,FALSE
0.1,0.12456525287911398,5,combined,FALSE
1,0.11376912661952404,5,combined,FALSE
10,0.10605315782734728,5,combined,TRUE
100,0.10738840558221713,5,combined,FALSE
