id,fold,vocabulary_size,observed_content_words,covered
dev_0013,1,103,59,11
dev_0015,1,103,25,12
dev_0018,1,103,29,9
dev_0021,1,103,27,9
dev_0022,1,103,22,8
dev_0029,1,103,25,7
dev_0031,1,103,18,9
dev_0032,1,103,31,5
dev_0034,1,103,23,10
dev_0041,1,103,44,7
dev_0042,1,103,9,5
dev_0045,1,103,62,14
dev_0049,1,103,50,15
train_0011,1,103,23,7
train_0014,1,103,25,8
train_0015,1,103,61,19
train_0017,1,103,19,1
train_0021,1,103,31,15
train_0034,1,103,44,12
train_0038,1,103,60,9
train_0042,1,103,9,3
train_0045,1,103,62,20
train_0050,1,103,38,11
train_0051,1,103,50,11
train_0056,1,103,42,20
train_0070,1,103,46,9
train_0073,1,103,68,20
train_0074,1,103,86,15
train_0077,1,103,48,20
train_0081,1,103,28,9
train_0092,1,103,61,15
train_0099,1,103,79,6
train_0104,1,103,60,21
train_0111,1,103,30,14
train_0114,1,103,34,12
train_0122,1,103,28,14
train_0124,1,103,52,13
train_0127,1,103,30,16
train_0131,1,103,36,7
train_0145,1,103,41,12
dev_0002,2,112,32,14
dev_0008,2,112,20,7
dev_0011,2,112,43,8
dev_0016,2,112,36,9
dev_0033,2,112,25,11
dev_0043,2,112,31,13
dev_0044,2,112,24,15
dev_0046,2,112,23,4
train_0003,2,112,12,10
train_0016,2,112,29,9
train_0023,2,112,92,18
train_0024,2,112,22,6
train_0027,2,112,43,12
train_0032,2,112,42,12
train_0035,2,112,43,13
train_0039,2,112,51,15
train_0054,2,112,5,2
train_0061,2,112,33,3
train_0063,2,112,13,6
train_0064,2,112,23,10
train_0069,2,112,52,16
train_0075,2,112,28,8
train_0076,2,112,28,7
train_0079,2,112,17,5
train_0080,2,112,31,14
train_0083,2,112,47,14
train_0085,2,112,55,8
train_0087,2,112,75,16
train_0094,2,112,25,11
train_0100,2,112,5,2
train_0107,2,112,27,3
train_0108,2,112,34,20
train_0110,2,112,26,15
train_0112,2,112,108,26
train_0113,2,112,35,12
train_0116,2,112,38,13
train_0121,2,112,48,25
train_0126,2,112,16,4
train_0132,2,112,21,7
train_0133,2,112,43,13
dev_0003,3,109,30,5
dev_0007,3,109,57,9
dev_0010,3,109,38,16
dev_0019,3,109,29,3
dev_0020,3,109,26,13
dev_0023,3,109,58,9
dev_0024,3,109,21,10
dev_0025,3,109,47,13
dev_0027,3,109,98,25
dev_0028,3,109,35,13
dev_0035,3,109,36,11
dev_0037,3,109,66,15
dev_0038,3,109,55,8
dev_0050,3,109,45,10
train_0001,3,109,19,11
train_0008,3,109,28,11
train_0010,3,109,20,7
train_0012,3,109,27,13
train_0013,3,109,30,11
train_0026,3,109,30,7
train_0029,3,109,20,5
train_0040,3,109,64,22
train_0049,3,109,20,5
train_0055,3,109,21,8
train_0057,3,109,6,2
train_0062,3,109,25,11
train_0068,3,109,27,15
train_0082,3,109,20,4
train_0086,3,109,26,6
train_0090,3,109,76,29
train_0097,3,109,13,5
train_0101,3,109,32,3
train_0102,3,109,3,0
train_0105,3,109,73,22
train_0115,3,109,92,22
train_0117,3,109,16,8
train_0134,3,109,31,14
train_0136,3,109,22,3
train_0140,3,109,14,2
train_0144,3,109,22,3
dev_0004,4,103,13,6
dev_0005,4,103,21,9
dev_0006,4,103,9,3
dev_0009,4,103,39,17
dev_0012,4,103,31,12
dev_0017,4,103,31,14
dev_0026,4,103,86,22
dev_0039,4,103,25,7
dev_0040,4,103,16,2
dev_0047,4,103,25,5
dev_0048,4,103,28,9
train_0004,4,103,27,10
train_0005,4,103,27,16
train_0006,4,103,46,6
train_0009,4,103,35,6
train_0020,4,103,44,15
train_0022,4,103,52,13
train_0025,4,103,58,20
train_0031,4,103,40,10
train_0033,4,103,18,4
train_0037,4,103,21,6
train_0041,4,103,27,14
train_0043,4,103,30,10
train_0046,4,103,25,12
train_0047,4,103,28,10
train_0048,4,103,24,6
train_0052,4,103,34,10
train_0065,4,103,53,14
train_0066,4,103,34,9
train_0095,4,103,57,14
train_0096,4,103,39,12
train_0103,4,103,56,23
train_0106,4,103,12,7
train_0125,4,103,34,5
train_0128,4,103,21,6
train_0138,4,103,21,3
train_0142,4,103,62,14
train_0143,4,103,32,8
train_0146,4,103,8,6
train_0148,4,103,39,10
dev_0001,5,111,43,8
dev_0014,5,111,61,14
dev_0030,5,111,58,19
dev_0036,5,111,47,22
train_0002,5,111,28,12
train_0007,5,111,55,16
train_0018,5,111,117,28
train_0019,5,111,12,5
train_0028,5,111,28,8
train_0030,5,111,26,12
train_0036,5,111,58,12
train_0044,5,111,29,12
train_0053,5,111,21,8
train_0058,5,111,48,11
train_0059,5,111,27,7
train_0060,5,111,35,13
train_0067,5,111,44,16
train_0071,5,111,53,5
train_0072,5,111,17,2
train_0078,5,111,44,12
train_0084,5,111,1,1
train_0088,5,111,91,24
train_0089,5,111,22,14
train_0091,5,111,7,2
train_0093,5,111,28,12
train_0098,5,111,1,0
train_0109,5,111,20,2
train_0118,5,111,88,15
train_0119,5,111,17,3
train_0120,5,111,28,13
train_0123,5,111,63,13
train_0129,5,111,21,12
train_0130,5,111,29,12
train_0135,5,111,59,18
train_0137,5,111,31,12
train_0139,5,111,38,17
train_0141,5,111,24,10
train_0147,5,111,54,15
train_0149,5,111,22,5
train_0150,5,111,48,14
