model,name,estimate,lower,upper,n
combined,ap_absent,0.18673046798167792,0.1700022457052025,0.20441940528991784,196
combined,average_precision,0.2515336125380106,0.2331716421928229,0.27054742787507313,198
combined,brier,0.08752571992169242,0.08201968142236178,0.09287094296177374,200
combined,brier_absent,0.07061747144820811,0.06582448460096271,0.07554244113940137,200
combined,brier_present,0.23450868422785262,0.21596103482741127,0.2529060475303895,199
demographics,ap_absent,0.19446754722542853,0.1754647076325877,0.21305094551647247,196
demographics,average_precision,0.23821342246653646,0.2197842629210636,0.25592217770852327,198
demographics,brier,0.08810651873411825,0.08271272938435326,0.09354903775403434,200
demographics,brier_absent,0.0698475156663991,0.06515212284114287,0.07484155971823889,200
demographics,brier_present,0.2457294377908365,0.22578489957286674,0.26526896828600804,199
persistence,ap_absent,0.07723212458783614,0.07090332360380472,0.08367185222546229,196
persistence,average_precision,0.19635389606633707,0.17987194556964484,0.2134880189960398,198
persistence,brier,0.13837739116058123,0.13101147038231256,0.1460567504074396,200
persistence,brier_absent,0.07568748209607941,0.06950929458909876,0.0819875518358322,200
persistence,brier_present,0.6869436160118438,0.6593094700547395,0.7141073649607742,199
population,ap_absent,0.18921446053615396,0.17002277219233874,0.20952572639364914,196
population,average_precision,0.22912353828691776,0.21085790247459213,0.2483978752169522,198
population,brier,0.08845893131990644,0.08310464961174602,0.09379024290896255,200
population,brier_absent,0.07010792473908342,0.0654949420510534,0.07497225867861776,200
population,brier_present,0.24655602252061273,0.22658411637632353,0.2669700626559933,199
text,ap_absent,0.18126459400121975,0.16477164448970166,0.1979869729167722,196
text,average_precision,0.246326260940821,0.22778390034678533,0.2652527142172052,198
text,brier,0.08765100188093801,0.08236352188692507,0.09306577059860967,200
text,brier_absent,0.07068244199536731,0.06576923195217904,0.0755847936587663,200
text,brier_present,0.23497408220711538,0.21607485670090376,0.25343594114177764,199
transition,ap_absent,0.18922306248962656,0.17023721758795313,0.20967646187236597,196
transition,average_precision,0.31979738851309913,0.2966183825915243,0.3426857850628663,198
transition,brier,0.08366356690647533,0.07844707833590309,0.08911577969071482,200
transition,brier_absent,0.06905469582200063,0.06378900958961195,0.07455998364219613,200
transition,brier_present,0.21272801710484363,0.2001115328998774,0.2253652603813775,199
