word,n,baseline_present,later_present,both,retention,appearance
person,200,74,59,27,0.36486486486486486,0.25396825396825395
love,200,63,58,31,0.49206349206349204,0.19708029197080293
like,200,62,49,21,0.3387096774193548,0.2028985507246377
not,200,55,46,20,0.36363636363636365,0.1793103448275862
good,200,48,38,16,0.3333333333333333,0.14473684210526316
woman,200,43,35,20,0.46511627906976744,0.09554140127388536
life,200,42,46,19,0.4523809523809524,0.17088607594936708
time,200,39,28,8,0.20512820512820512,0.12422360248447205
friend,200,38,54,26,0.6842105263157895,0.1728395061728395
lover,200,36,44,15,0.4166666666666667,0.17682926829268292
family,200,35,28,12,0.34285714285714286,0.09696969696969697
people,200,34,37,7,0.20588235294117646,0.18072289156626506
things,200,34,38,9,0.2647058823529412,0.1746987951807229
american,200,33,20,7,0.21212121212121213,0.07784431137724551
mother,200,33,37,17,0.5151515151515151,0.11976047904191617
kind,200,32,33,9,0.28125,0.14285714285714285
someone,200,32,32,12,0.375,0.11904761904761904
man,200,31,24,8,0.25806451612903225,0.09467455621301775
old,200,31,14,5,0.16129032258064516,0.05325443786982249
years,200,31,21,6,0.1935483870967742,0.08875739644970414
funny,200,30,21,8,0.26666666666666666,0.07647058823529412
hard,200,29,19,3,0.10344827586206896,0.0935672514619883
son,200,29,20,14,0.4827586206896552,0.03508771929824561
creative,200,28,35,13,0.4642857142857143,0.12790697674418605
enjoy,200,28,30,7,0.25,0.13372093023255813
live,200,28,28,4,0.14285714285714285,0.13953488372093023
music,200,27,25,6,0.2222222222222222,0.10982658959537572
smart,200,27,22,11,0.4074074074074074,0.06358381502890173
daughter,200,26,32,15,0.5769230769230769,0.09770114942528736
brother,200,25,17,10,0.4,0.04
reader,200,25,22,5,0.2,0.09714285714285714
cook,200,24,26,8,0.3333333333333333,0.10227272727272728
wife,200,24,27,15,0.625,0.06818181818181818
caring,200,23,18,3,0.13043478260869565,0.0847457627118644
father,200,23,21,15,0.6521739130434783,0.03389830508474576
husband,200,23,26,13,0.5652173913043478,0.07344632768361582
new,200,23,20,4,0.17391304347826086,0.0903954802259887
worker,200,23,24,9,0.391304347826087,0.0847457627118644
don,200,22,22,3,0.13636363636363635,0.10674157303370786
one,200,22,21,4,0.18181818181818182,0.09550561797752809
happy,200,21,16,6,0.2857142857142857,0.055865921787709494
loyal,200,21,21,5,0.23809523809523808,0.0893854748603352
sister,200,21,29,13,0.6190476190476191,0.0893854748603352
always,200,20,18,5,0.25,0.07222222222222222
loves,200,20,19,7,0.35,0.06666666666666667
dog,200,19,19,10,0.5263157894736842,0.049723756906077346
work,200,19,22,4,0.21052631578947367,0.09944751381215469
believe,200,18,22,8,0.4444444444444444,0.07692307692307693
intelligent,160,18,9,1,0.05555555555555555,0.056338028169014086
married,200,18,15,4,0.2222222222222222,0.06043956043956044
world,160,18,9,1,0.05555555555555555,0.056338028169014086
best,200,17,17,5,0.29411764705882354,0.06557377049180328
christian,200,17,20,10,0.5882352941176471,0.0546448087431694
college,200,17,14,6,0.35294117647058826,0.04371584699453552
others,200,17,28,5,0.29411764705882354,0.12568306010928962
want,160,17,9,0,0,0.06293706293706294
animal,200,16,21,7,0.4375,0.07608695652173914
animals,200,16,21,10,0.625,0.059782608695652176
care,200,16,15,2,0.125,0.07065217391304347
great,200,16,16,0,0,0.08695652173913043
male,200,16,14,5,0.3125,0.04891304347826087
curious,200,15,19,4,0.26666666666666666,0.08108108108108109
feel,200,15,13,2,0.13333333333333333,0.05945945945945946
nature,200,15,20,5,0.3333333333333333,0.08108108108108109
loving,160,14,9,4,0.2857142857142857,0.03424657534246575
working,200,14,15,4,0.2857142857142857,0.05913978494623656
fan,200,13,21,6,0.46153846153846156,0.08021390374331551
human,200,13,16,5,0.38461538461538464,0.058823529411764705
read,120,13,3,1,0.07692307692307693,0.018691588785046728
dogs,200,12,14,5,0.4166666666666667,0.047872340425531915
games,200,12,15,3,0.25,0.06382978723404255
god,200,12,17,5,0.4166666666666667,0.06382978723404255
learning,200,12,18,1,0.08333333333333333,0.09042553191489362
sometimes,160,12,9,2,0.16666666666666666,0.0472972972972973
around,200,11,15,3,0.2727272727272727,0.06349206349206349
friends,160,11,9,3,0.2727272727272727,0.040268456375838924
fun,200,11,17,0,0,0.08994708994708994
history,160,11,7,4,0.36363636363636365,0.020134228187919462
introvert,120,11,5,4,0.36363636363636365,0.009174311926605505
owner,200,11,18,3,0.2727272727272727,0.07936507936507936
quiet,120,11,5,1,0.09090909090909091,0.03669724770642202
strong,200,11,18,2,0.18181818181818182,0.08465608465608465
teacher,160,11,9,3,0.2727272727272727,0.040268456375838924
writer,160,11,9,2,0.18181818181818182,0.04697986577181208
female,200,10,17,5,0.5,0.06315789473684211
help,160,10,7,2,0.2,0.03333333333333333
home,160,10,9,3,0.3,0.04
middle,120,10,3,0,0,0.02727272727272727
no,200,10,15,3,0.3,0.06315789473684211
still,200,10,16,1,0.1,0.07894736842105263
take,160,10,9,1,0.1,0.05333333333333334
cat,200,9,15,6,0.6666666666666666,0.04712041884816754
enjoys,200,9,14,1,0.1111111111111111,0.06806282722513089
grandmother,160,9,9,6,0.6666666666666666,0.019867549668874173
play,200,9,13,1,0.1111111111111111,0.06282722513089005
tall,120,9,6,3,0.3333333333333333,0.02702702702702703
artist,200,8,19,5,0.625,0.07291666666666667
empathetic,200,8,16,4,0.5,0.0625
listener,200,8,15,3,0.375,0.0625
retired,120,8,4,3,0.375,0.008928571428571428
self,160,8,9,1,0.125,0.05263157894736842
think,160,8,8,1,0.125,0.046052631578947366
well,200,8,19,4,0.5,0.078125
get,120,7,5,0,0,0.04424778761061947
make,120,7,3,0,0,0.02654867256637168
aunt,160,6,8,1,0.16666666666666666,0.045454545454545456
children,80,6,2,1,0.16666666666666666,0.013513513513513514
thoughtful,160,6,6,2,0.3333333333333333,0.025974025974025976
mom,120,5,4,2,0.4,0.017391304347826087
sports,40,5,1,1,0.2,0
year,80,5,1,0,0,0.013333333333333334
graduate,160,4,9,2,0.5,0.04487179487179487
know,40,4,0,0,0,0
food,120,3,3,0,0,0.02564102564102564
survivor,120,3,4,1,0.3333333333333333,0.02564102564102564
better,40,2,0,0,0,0
gamer,40,2,0,0,0,0
right,40,2,0,0,0,0
see,40,2,0,0,0,0
spiritual,80,2,2,1,0.5,0.01282051282051282
thinker,80,2,1,1,0.5,0
white,40,2,0,0,0,0
full,80,1,2,0,0,0.02531645569620253
going,40,1,0,0,0,0
kids,40,1,0,0,0,0
looking,80,1,0,0,0,0
leader,40,0,0,0,NA,0
traveler,40,0,0,0,NA,0
